date,dengue
2009-01-01,0
2009-01-02,43
2009-01-03,0
2009-01-04,55
2009-01-05,26
2009-01-06,0
2009-01-07,0
2009-01-08,0
2009-01-09,0
2009-01-10,0
2009-01-11,83
2009-01-12,0
2009-01-13,89
2009-01-14,0
2009-01-15,0
2009-01-16,45
2009-01-17,0
2009-01-18,0
2009-01-19,0
2009-01-20,0
2009-01-21,41
2009-01-22,39
2009-01-23,0
2009-01-24,0
2009-01-25,0
2009-01-26,0
2009-01-27,0
2009-01-28,0
2009-01-29,0
2009-01-30,0
2009-01-31,0
2009-02-01,69
2009-02-02,0
2009-02-03,0
2009-02-04,37
2009-02-05,50
2009-02-06,0
2009-02-07,0
2009-02-08,0
2009-02-09,0
2009-02-10,0
2009-02-11,47
2009-02-12,0
2009-02-13,47
2009-02-14,0
2009-02-15,0
2009-02-16,0
2009-02-17,0
2009-02-18,0
2009-02-19,100
2009-02-20,0
2009-02-21,0
2009-02-22,0
2009-02-23,0
2009-02-24,0
2009-02-25,49
2009-02-26,0
2009-02-27,0
2009-02-28,0
2009-03-01,0
2009-03-02,0
2009-03-03,0
2009-03-04,56
2009-03-05,88
2009-03-06,85
2009-03-07,0
2009-03-08,0
2009-03-09,0
2009-03-10,0
2009-03-11,0
2009-03-12,0
2009-03-13,71
2009-03-14,0
2009-03-15,0
2009-03-16,26
2009-03-17,0
2009-03-18,0
2009-03-19,19
2009-03-20,69
2009-03-21,85
2009-03-22,29
2009-03-23,0
2009-03-24,22
2009-03-25,25
2009-03-26,44
2009-03-27,49
2009-03-28,0
2009-03-29,0
2009-03-30,0
2009-03-31,0
2009-04-01,0
2009-04-02,0
2009-04-03,0
2009-04-04,0
2009-04-05,0
2009-04-06,0
2009-04-07,0
2009-04-08,45
2009-04-09,0
2009-04-10,0
2009-04-11,0
2009-04-12,0
2009-04-13,0
2009-04-14,27
2009-04-15,42
2009-04-16,0
2009-04-17,23
2009-04-18,0
2009-04-19,0
2009-04-20,0
2009-04-21,48
2009-04-22,0
2009-04-23,37
2009-04-24,0
2009-04-25,0
2009-04-26,0
2009-04-27,27
2009-04-28,0
2009-04-29,0
2009-04-30,0
2009-05-01,0
2009-05-02,0
2009-05-03,0
2009-05-04,0
2009-05-05,0
2009-05-06,0
2009-05-07,0
2009-05-08,0
2009-05-09,0
2009-05-10,0
2009-05-11,0
2009-05-12,41
2009-05-13,0
2009-05-14,0
2009-05-15,0
2009-05-16,0
2009-05-17,0
2009-05-18,35
2009-05-19,26
2009-05-20,0
2009-05-21,41
2009-05-22,29
2009-05-23,0
2009-05-24,30
2009-05-25,0
2009-05-26,0
2009-05-27,0
2009-05-28,0
2009-05-29,26
2009-05-30,28
2009-05-31,63
2009-06-01,0
2009-06-02,0
2009-06-03,60
2009-06-04,0
2009-06-05,42
2009-06-06,0
2009-06-07,35
2009-06-08,73
2009-06-09,37
2009-06-10,0
2009-06-11,60
2009-06-12,0
2009-06-13,0
2009-06-14,0
2009-06-15,36
2009-06-16,0
2009-06-17,0
2009-06-18,37
2009-06-19,0
2009-06-20,48
2009-06-21,0
2009-06-22,0
2009-06-23,0
2009-06-24,0
2009-06-25,0
2009-06-26,0
2009-06-27,0
2009-06-28,0
2009-06-29,0
2009-06-30,0
2009-07-01,0
2009-07-02,0
2009-07-03,32
2009-07-04,0
2009-07-05,0
2009-07-06,0
2009-07-07,0
2009-07-08,0
2009-07-09,0
2009-07-10,0
2009-07-11,23
2009-07-12,49
2009-07-13,0
2009-07-14,24
2009-07-15,0
2009-07-16,24
2009-07-17,0
2009-07-18,0
2009-07-19,0
2009-07-20,0
2009-07-21,17
2009-07-22,16
2009-07-23,0
2009-07-24,42
2009-07-25,0
2009-07-26,26
2009-07-27,0
2009-07-28,0
2009-07-29,0
2009-07-30,22
2009-07-31,0
2009-08-01,28
2009-08-02,30
2009-08-03,20
2009-08-04,0
2009-08-05,0
2009-08-06,0
2009-08-07,0
2009-08-08,0
2009-08-09,100
2009-08-10,0
2009-08-11,0
2009-08-12,0
2009-08-13,28
2009-08-14,0
2009-08-15,0
2009-08-16,0
2009-08-17,0
2009-08-18,0
2009-08-19,15
2009-08-20,31
2009-08-21,0
2009-08-22,0
2009-08-23,0
2009-08-24,0
2009-08-25,0
2009-08-26,0
2009-08-27,0
2009-08-28,0
2009-08-29,0
2009-08-30,0
2009-08-31,0
2009-09-01,0
2009-09-02,18
2009-09-03,0
2009-09-04,33
2009-09-05,0
2009-09-06,0
2009-09-07,43
2009-09-08,0
2009-09-09,0
2009-09-10,0
2009-09-11,0
2009-09-12,72
2009-09-13,0
2009-09-14,29
2009-09-15,0
2009-09-16,0
2009-09-17,0
2009-09-18,0
2009-09-19,0
2009-09-20,43
2009-09-21,0
2009-09-22,0
2009-09-23,19
2009-09-24,0
2009-09-25,47
2009-09-26,0
2009-09-27,65
2009-09-28,20
2009-09-29,0
2009-09-30,0
2009-10-01,0
2009-10-02,0
2009-10-03,0
2009-10-04,0
2009-10-05,0
2009-10-06,0
2009-10-07,0
2009-10-08,0
2009-10-09,0
2009-10-10,0
2009-10-11,0
2009-10-12,0
2009-10-13,18
2009-10-14,17
2009-10-15,0
2009-10-16,0
2009-10-17,0
2009-10-18,0
2009-10-19,0
2009-10-20,29
2009-10-21,23
2009-10-22,0
2009-10-23,0
2009-10-24,0
2009-10-25,0
2009-10-26,20
2009-10-27,33
2009-10-28,0
2009-10-29,0
2009-10-30,35
2009-10-31,24
2009-11-01,0
2009-11-02,0
2009-11-03,0
2009-11-04,0
2009-11-05,37
2009-11-06,0
2009-11-07,0
2009-11-08,0
2009-11-09,0
2009-11-10,18
2009-11-11,0
2009-11-12,0
2009-11-13,0
2009-11-14,44
2009-11-15,28
2009-11-16,29
2009-11-17,15
2009-11-18,37
2009-11-19,0
2009-11-20,0
2009-11-21,0
2009-11-22,0
2009-11-23,0
2009-11-24,0
2009-11-25,0
2009-11-26,0
2009-11-27,0
2009-11-28,0
2009-11-29,0
2009-11-30,0
2009-12-01,0
2009-12-02,25
2009-12-03,0
2009-12-04,0
2009-12-05,0
2009-12-06,33
2009-12-07,14
2009-12-08,0
2009-12-09,0
2009-12-10,0
2009-12-11,30
2009-12-12,66
2009-12-13,0
2009-12-14,0
2009-12-15,0
2009-12-16,44
2009-12-17,0
2009-12-18,41
2009-12-19,0
2009-12-20,0
2009-12-21,15
2009-12-22,33
2009-12-23,0
2009-12-24,0
2009-12-25,0
2009-12-26,0
2009-12-27,27
2009-12-28,0
2009-12-29,0
2009-12-30,0
2009-12-31,0
2010-01-01,0
2010-01-02,0
2010-01-03,0
2010-01-04,0
2010-01-05,0
2010-01-06,37
2010-01-07,29
2010-01-08,0
2010-01-09,0
2010-01-10,73
2010-01-11,0
2010-01-12,0
2010-01-13,0
2010-01-14,0
2010-01-15,0
2010-01-16,61
2010-01-17,0
2010-01-18,0
2010-01-19,0
2010-01-20,0
2010-01-21,0
2010-01-22,0
2010-01-23,0
2010-01-24,37
2010-01-25,0
2010-01-26,32
2010-01-27,0
2010-01-28,0
2010-01-29,34
2010-01-30,72
2010-01-31,0
2010-02-01,54
2010-02-02,27
2010-02-03,0
2010-02-04,0
2010-02-05,31
2010-02-06,0
2010-02-07,41
2010-02-08,25
2010-02-09,32
2010-02-10,0
2010-02-11,0
2010-02-12,0
2010-02-13,0
2010-02-14,80
2010-02-15,34
2010-02-16,0
2010-02-17,0
2010-02-18,74
2010-02-19,59
2010-02-20,0
2010-02-21,65
2010-02-22,52
2010-02-23,0
2010-02-24,0
2010-02-25,0
2010-02-26,0
2010-02-27,0
2010-02-28,0
2010-03-01,29
2010-03-02,34
2010-03-03,0
2010-03-04,0
2010-03-05,0
2010-03-06,30
2010-03-07,0
2010-03-08,35
2010-03-09,0
2010-03-10,26
2010-03-11,28
2010-03-12,0
2010-03-13,37
2010-03-14,0
2010-03-15,0
2010-03-16,0
2010-03-17,0
2010-03-18,0
2010-03-19,0
2010-03-20,0
2010-03-21,0
2010-03-22,21
2010-03-23,0
2010-03-24,20
2010-03-25,0
2010-03-26,28
2010-03-27,0
2010-03-28,0
2010-03-29,0
2010-03-30,0
2010-03-31,0
2010-04-01,0
2010-04-02,0
2010-04-03,53
2010-04-04,0
2010-04-05,0
2010-04-06,0
2010-04-07,0
2010-04-08,0
2010-04-09,27
2010-04-10,0
2010-04-11,44
2010-04-12,0
2010-04-13,33
2010-04-14,0
2010-04-15,33
2010-04-16,0
2010-04-17,55
2010-04-18,100
2010-04-19,34
2010-04-20,69
2010-04-21,0
2010-04-22,0
2010-04-23,52
2010-04-24,0
2010-04-25,0
2010-04-26,0
2010-04-27,0
2010-04-28,94
2010-04-29,0
2010-04-30,0
2010-05-01,49
2010-05-02,43
2010-05-03,0
2010-05-04,55
2010-05-05,35
2010-05-06,28
2010-05-07,0
2010-05-08,0
2010-05-09,0
2010-05-10,46
2010-05-11,0
2010-05-12,0
2010-05-13,0
2010-05-14,58
2010-05-15,39
2010-05-16,0
2010-05-17,0
2010-05-18,0
2010-05-19,0
2010-05-20,0
2010-05-21,0
2010-05-22,0
2010-05-23,0
2010-05-24,0
2010-05-25,0
2010-05-26,0
2010-05-27,30
2010-05-28,32
2010-05-29,0
2010-05-30,0
2010-05-31,29
2010-06-01,21
2010-06-02,0
2010-06-03,0
2010-06-04,0
2010-06-05,0
2010-06-06,0
2010-06-07,0
2010-06-08,0
2010-06-09,0
2010-06-10,19
2010-06-11,0
2010-06-12,0
2010-06-13,0
2010-06-14,0
2010-06-15,20
2010-06-16,0
2010-06-17,0
2010-06-18,51
2010-06-19,0
2010-06-20,0
2010-06-21,0
2010-06-22,0
2010-06-23,0
2010-06-24,20
2010-06-25,0
2010-06-26,0
2010-06-27,0
2010-06-28,19
2010-06-29,31
2010-06-30,0
2010-07-01,0
2010-07-02,0
2010-07-03,42
2010-07-04,0
2010-07-05,0
2010-07-06,67
2010-07-07,86
2010-07-08,56
2010-07-09,27
2010-07-10,40
2010-07-11,0
2010-07-12,0
2010-07-13,0
2010-07-14,0
2010-07-15,0
2010-07-16,33
2010-07-17,0
2010-07-18,34
2010-07-19,22
2010-07-20,62
2010-07-21,34
2010-07-22,0
2010-07-23,0
2010-07-24,0
2010-07-25,0
2010-07-26,32
2010-07-27,52
2010-07-28,0
2010-07-29,56
2010-07-30,0
2010-07-31,0
2010-08-01,0
2010-08-02,40
2010-08-03,0
2010-08-04,27
2010-08-05,0
2010-08-06,0
2010-08-07,0
2010-08-08,0
2010-08-09,0
2010-08-10,35
2010-08-11,0
2010-08-12,100
2010-08-13,0
2010-08-14,0
2010-08-15,0
2010-08-16,0
2010-08-17,0
2010-08-18,31
2010-08-19,0
2010-08-20,28
2010-08-21,0
2010-08-22,70
2010-08-23,0
2010-08-24,25
2010-08-25,31
2010-08-26,0
2010-08-27,0
2010-08-28,0
2010-08-29,0
2010-08-30,0
2010-08-31,65
2010-09-01,50
2010-09-02,44
2010-09-03,95
2010-09-04,44
2010-09-05,44
2010-09-06,24
2010-09-07,30
2010-09-08,29
2010-09-09,89
2010-09-10,40
2010-09-11,0
2010-09-12,58
2010-09-13,45
2010-09-14,49
2010-09-15,23
2010-09-16,0
2010-09-17,0
2010-09-18,0
2010-09-19,0
2010-09-20,37
2010-09-21,0
2010-09-22,25
2010-09-23,0
2010-09-24,23
2010-09-25,0
2010-09-26,0
2010-09-27,73
2010-09-28,75
2010-09-29,0
2010-09-30,0
2010-10-01,26
2010-10-02,73
2010-10-03,0
2010-10-04,0
2010-10-05,0
2010-10-06,0
2010-10-07,0
2010-10-08,0
2010-10-09,0
2010-10-10,0
2010-10-11,0
2010-10-12,35
2010-10-13,81
2010-10-14,0
2010-10-15,26
2010-10-16,61
2010-10-17,71
2010-10-18,0
2010-10-19,0
2010-10-20,29
2010-10-21,29
2010-10-22,0
2010-10-23,0
2010-10-24,59
2010-10-25,75
2010-10-26,48
2010-10-27,0
2010-10-28,23
2010-10-29,90
2010-10-30,0
2010-10-31,77
2010-11-01,27
2010-11-02,22
2010-11-03,37
2010-11-04,0
2010-11-05,0
2010-11-06,0
2010-11-07,0
2010-11-08,0
2010-11-09,0
2010-11-10,33
2010-11-11,0
2010-11-12,0
2010-11-13,0
2010-11-14,65
2010-11-15,0
2010-11-16,31
2010-11-17,78
2010-11-18,0
2010-11-19,25
2010-11-20,0
2010-11-21,45
2010-11-22,43
2010-11-23,0
2010-11-24,30
2010-11-25,0
2010-11-26,0
2010-11-27,0
2010-11-28,51
2010-11-29,32
2010-11-30,30
2010-12-01,0
2010-12-02,0
2010-12-03,27
2010-12-04,0
2010-12-05,0
2010-12-06,0
2010-12-07,59
2010-12-08,30
2010-12-09,0
2010-12-10,0
2010-12-11,93
2010-12-12,0
2010-12-13,75
2010-12-14,35
2010-12-15,0
2010-12-16,0
2010-12-17,43
2010-12-18,0
2010-12-19,0
2010-12-20,46
2010-12-21,0
2010-12-22,0
2010-12-23,59
2010-12-24,0
2010-12-25,51
2010-12-26,44
2010-12-27,0
2010-12-28,0
2010-12-29,0
2010-12-30,0
2010-12-31,0
2011-07-01,23
2011-07-02,0
2011-07-03,0
2011-07-04,0
2011-07-05,41
2011-07-06,18
2011-07-07,30
2011-07-08,48
2011-07-09,0
2011-07-10,55
2011-07-11,0
2011-07-12,60
2011-07-13,100
2011-07-14,29
2011-07-15,0
2011-07-16,0
2011-07-17,38
2011-07-18,23
2011-07-19,0
2011-07-20,28
2011-07-21,38
2011-07-22,0
2011-07-23,0
2011-07-24,33
2011-07-25,43
2011-07-26,19
2011-07-27,43
2011-07-28,29
2011-07-29,29
2011-07-30,23
2011-07-31,0
2011-08-01,0
2011-08-02,38
2011-08-03,32
2011-08-04,0
2011-08-05,47
2011-08-06,100
2011-08-07,0
2011-08-08,32
2011-08-09,69
2011-08-10,70
2011-08-11,0
2011-08-12,71
2011-08-13,27
2011-08-14,0
2011-08-15,0
2011-08-16,0
2011-08-17,29
2011-08-18,0
2011-08-19,71
2011-08-20,52
2011-08-21,0
2011-08-22,17
2011-08-23,22
2011-08-24,34
2011-08-25,63
2011-08-26,0
2011-08-27,0
2011-08-28,0
2011-08-29,39
2011-08-30,41
2011-08-31,0
2011-09-01,0
2011-09-02,0
2011-09-03,0
2011-09-04,0
2011-09-05,18
2011-09-06,0
2011-09-07,81
2011-09-08,0
2011-09-09,0
2011-09-10,0
2011-09-11,27
2011-09-12,0
2011-09-13,52
2011-09-14,25
2011-09-15,20
2011-09-16,0
2011-09-17,0
2011-09-18,0
2011-09-19,30
2011-09-20,0
2011-09-21,20
2011-09-22,26
2011-09-23,22
2011-09-24,0
2011-09-25,62
2011-09-26,30
2011-09-27,0
2011-09-28,58
2011-09-29,26
2011-09-30,48
2011-10-01,66
2011-10-02,37
2011-10-03,31
2011-10-04,26
2011-10-05,0
2011-10-06,0
2011-10-07,0
2011-10-08,0
2011-10-09,37
2011-10-10,55
2011-10-11,17
2011-10-12,44
2011-10-13,33
2011-10-14,20
2011-10-15,0
2011-10-16,33
2011-10-17,71
2011-10-18,20
2011-10-19,32
2011-10-20,48
2011-10-21,33
2011-10-22,0
2011-10-23,0
2011-10-24,0
2011-10-25,0
2011-10-26,23
2011-10-27,39
2011-10-28,0
2011-10-29,45
2011-10-30,21
2011-10-31,49
2011-11-01,28
2011-11-02,48
2011-11-03,86
2011-11-04,0
2011-11-05,24
2011-11-06,0
2011-11-07,20
2011-11-08,69
2011-11-09,0
2011-11-10,0
2011-11-11,0
2011-11-12,0
2011-11-13,0
2011-11-14,19
2011-11-15,25
2011-11-16,0
2011-11-17,0
2011-11-18,0
2011-11-19,0
2011-11-20,31
2011-11-21,0
2011-11-22,34
2011-11-23,0
2011-11-24,0
2011-11-25,32
2011-11-26,0
2011-11-27,0
2011-11-28,0
2011-11-29,0
2011-11-30,16
2011-12-01,0
2011-12-02,0
2011-12-03,0
2011-12-04,0
2011-12-05,30
2011-12-06,20
2011-12-07,0
2011-12-08,0
2011-12-09,0
2011-12-10,0
2011-12-11,39
2011-12-12,0
2011-12-13,20
2011-12-14,0
2011-12-15,18
2011-12-16,34
2011-12-17,0
2011-12-18,0
2011-12-19,23
2011-12-20,0
2011-12-21,27
2011-12-22,0
2011-12-23,26
2011-12-24,0
2011-12-25,30
2011-12-26,29
2011-12-27,19
2011-12-28,0
2011-12-29,56
2011-12-30,0
2011-12-31,0
2012-01-01,0
2012-01-02,0
2012-01-03,19
2012-01-04,33
2012-01-05,0
2012-01-06,0
2012-01-07,100
2012-01-08,31
2012-01-09,0
2012-01-10,59
2012-01-11,25
2012-01-12,0
2012-01-13,0
2012-01-14,32
2012-01-15,26
2012-01-16,0
2012-01-17,25
2012-01-18,32
2012-01-19,17
2012-01-20,25
2012-01-21,23
2012-01-22,0
2012-01-23,0
2012-01-24,0
2012-01-25,56
2012-01-26,15
2012-01-27,27
2012-01-28,0
2012-01-29,0
2012-01-30,38
2012-01-31,25
2012-02-01,0
2012-02-02,0
2012-02-03,0
2012-02-04,0
2012-02-05,0
2012-02-06,0
2012-02-07,0
2012-02-08,25
2012-02-09,0
2012-02-10,0
2012-02-11,0
2012-02-12,0
2012-02-13,38
2012-02-14,0
2012-02-15,0
2012-02-16,0
2012-02-17,0
2012-02-18,0
2012-02-19,23
2012-02-20,0
2012-02-21,43
2012-02-22,24
2012-02-23,0
2012-02-24,36
2012-02-25,0
2012-02-26,0
2012-02-27,25
2012-02-28,0
2012-02-29,38
2012-03-01,17
2012-03-02,0
2012-03-03,16
2012-03-04,16
2012-03-05,61
2012-03-06,23
2012-03-07,23
2012-03-08,0
2012-03-09,0
2012-03-10,0
2012-03-11,19
2012-03-12,0
2012-03-13,0
2012-03-14,0
2012-03-15,33
2012-03-16,0
2012-03-17,0
2012-03-18,0
2012-03-19,68
2012-03-20,17
2012-03-21,28
2012-03-22,35
2012-03-23,27
2012-03-24,18
2012-03-25,21
2012-03-26,0
2012-03-27,17
2012-03-28,14
2012-03-29,62
2012-03-30,26
2012-03-31,0
2012-04-01,0
2012-04-02,18
2012-04-03,16
2012-04-04,31
2012-04-05,18
2012-04-06,45
2012-04-07,0
2012-04-08,0
2012-04-09,20
2012-04-10,21
2012-04-11,36
2012-04-12,18
2012-04-13,16
2012-04-14,0
2012-04-15,62
2012-04-16,0
2012-04-17,0
2012-04-18,0
2012-04-19,24
2012-04-20,0
2012-04-21,0
2012-04-22,21
2012-04-23,13
2012-04-24,0
2012-04-25,0
2012-04-26,41
2012-04-27,20
2012-04-28,26
2012-04-29,22
2012-04-30,0
2012-05-01,0
2012-05-02,28
2012-05-03,0
2012-05-04,21
2012-05-05,0
2012-05-06,0
2012-05-07,26
2012-05-08,32
2012-05-09,0
2012-05-10,0
2012-05-11,0
2012-05-12,22
2012-05-13,0
2012-05-14,24
2012-05-15,36
2012-05-16,15
2012-05-17,0
2012-05-18,0
2012-05-19,16
2012-05-20,0
2012-05-21,0
2012-05-22,0
2012-05-23,25
2012-05-24,70
2012-05-25,0
2012-05-26,0
2012-05-27,0
2012-05-28,0
2012-05-29,21
2012-05-30,0
2012-05-31,0
2012-06-01,22
2012-06-02,35
2012-06-03,0
2012-06-04,32
2012-06-05,13
2012-06-06,0
2012-06-07,12
2012-06-08,0
2012-06-09,32
2012-06-10,26
2012-06-11,0
2012-06-12,0
2012-06-13,0
2012-06-14,16
2012-06-15,39
2012-06-16,0
2012-06-17,19
2012-06-18,24
2012-06-19,0
2012-06-20,38
2012-06-21,13
2012-06-22,22
2012-06-23,0
2012-06-24,57
2012-06-25,17
2012-06-26,0
2012-06-27,13
2012-06-28,39
2012-06-29,35
2012-06-30,20
2012-07-01,37
2012-07-02,23
2012-07-03,40
2012-07-04,22
2012-07-05,24
2012-07-06,0
2012-07-07,0
2012-07-08,0
2012-07-09,32
2012-07-10,50
2012-07-11,45
2012-07-12,91
2012-07-13,0
2012-07-14,0
2012-07-15,0
2012-07-16,37
2012-07-17,24
2012-07-18,26
2012-07-19,50
2012-07-20,52
2012-07-21,0
2012-07-22,30
2012-07-23,43
2012-07-24,48
2012-07-25,53
2012-07-26,33
2012-07-27,48
2012-07-28,27
2012-07-29,23
2012-07-30,47
2012-07-31,0
2012-08-01,0
2012-08-02,0
2012-08-03,42
2012-08-04,24
2012-08-05,0
2012-08-06,45
2012-08-07,32
2012-08-08,49
2012-08-09,36
2012-08-10,29
2012-08-11,0
2012-08-12,0
2012-08-13,54
2012-08-14,40
2012-08-15,72
2012-08-16,47
2012-08-17,43
2012-08-18,0
2012-08-19,26
2012-08-20,29
2012-08-21,20
2012-08-22,44
2012-08-23,0
2012-08-24,32
2012-08-25,0
2012-08-26,0
2012-08-27,24
2012-08-28,24
2012-08-29,0
2012-08-30,30
2012-08-31,0
2012-09-01,63
2012-09-02,31
2012-09-03,18
2012-09-04,0
2012-09-05,27
2012-09-06,0
2012-09-07,21
2012-09-08,38
2012-09-09,0
2012-09-10,34
2012-09-11,0
2012-09-12,19
2012-09-13,0
2012-09-14,28
2012-09-15,0
2012-09-16,0
2012-09-17,0
2012-09-18,28
2012-09-19,0
2012-09-20,30
2012-09-21,45
2012-09-22,0
2012-09-23,0
2012-09-24,21
2012-09-25,0
2012-09-26,0
2012-09-27,100
2012-09-28,0
2012-09-29,27
2012-09-30,0
2012-10-01,39
2012-10-02,0
2012-10-03,38
2012-10-04,48
2012-10-05,83
2012-10-06,39
2012-10-07,0
2012-10-08,41
2012-10-09,40
2012-10-10,0
2012-10-11,0
2012-10-12,0
2012-10-13,30
2012-10-14,0
2012-10-15,33
2012-10-16,20
2012-10-17,0
2012-10-18,35
2012-10-19,49
2012-10-20,0
2012-10-21,22
2012-10-22,0
2012-10-23,26
2012-10-24,36
2012-10-25,0
2012-10-26,0
2012-10-27,42
2012-10-28,76
2012-10-29,0
2012-10-30,33
2012-10-31,26
2012-11-01,39
2012-11-02,0
2012-11-03,72
2012-11-04,0
2012-11-05,0
2012-11-06,19
2012-11-07,58
2012-11-08,32
2012-11-09,66
2012-11-10,0
2012-11-11,52
2012-11-12,0
2012-11-13,0
2012-11-14,58
2012-11-15,56
2012-11-16,0
2012-11-17,0
2012-11-18,0
2012-11-19,35
2012-11-20,0
2012-11-21,0
2012-11-22,30
2012-11-23,0
2012-11-24,0
2012-11-25,0
2012-11-26,0
2012-11-27,0
2012-11-28,48
2012-11-29,0
2012-11-30,22
2012-12-01,29
2012-12-02,0
2012-12-03,0
2012-12-04,0
2012-12-05,25
2012-12-06,0
2012-12-07,33
2012-12-08,0
2012-12-09,68
2012-12-10,71
2012-12-11,0
2012-12-12,41
2012-12-13,0
2012-12-14,0
2012-12-15,0
2012-12-16,87
2012-12-17,30
2012-12-18,0
2012-12-19,27
2012-12-20,0
2012-12-21,51
2012-12-22,0
2012-12-23,0
2012-12-24,65
2012-12-25,37
2012-12-26,23
2012-12-27,19
2012-12-28,97
2012-12-29,0
2012-12-30,0
2012-12-31,0
2013-01-01,0
2013-01-02,8
2013-01-03,6
2013-01-04,0
2013-01-05,0
2013-01-06,0
2013-01-07,9
2013-01-08,10
2013-01-09,0
2013-01-10,8
2013-01-11,0
2013-01-12,0
2013-01-13,11
2013-01-14,13
2013-01-15,4
2013-01-16,0
2013-01-17,0
2013-01-18,10
2013-01-19,8
2013-01-20,9
2013-01-21,8
2013-01-22,15
2013-01-23,17
2013-01-24,0
2013-01-25,12
2013-01-26,7
2013-01-27,13
2013-01-28,0
2013-01-29,7
2013-01-30,14
2013-01-31,13
2013-02-01,0
2013-02-02,11
2013-02-03,16
2013-02-04,11
2013-02-05,0
2013-02-06,8
2013-02-07,8
2013-02-08,10
2013-02-09,10
2013-02-10,12
2013-02-11,6
2013-02-12,0
2013-02-13,6
2013-02-14,14
2013-02-15,6
2013-02-16,17
2013-02-17,9
2013-02-18,21
2013-02-19,4
2013-02-20,9
2013-02-21,16
2013-02-22,6
2013-02-23,0
2013-02-24,10
2013-02-25,15
2013-02-26,5
2013-02-27,10
2013-02-28,4
2013-03-01,5
2013-03-02,8
2013-03-03,8
2013-03-04,7
2013-03-05,22
2013-03-06,17
2013-03-07,9
2013-03-08,6
2013-03-09,0
2013-03-10,16
2013-03-11,4
2013-03-12,12
2013-03-13,9
2013-03-14,0
2013-03-15,10
2013-03-16,5
2013-03-17,11
2013-03-18,5
2013-03-19,5
2013-03-20,0
2013-03-21,0
2013-03-22,0
2013-03-23,26
2013-03-24,8
2013-03-25,0
2013-03-26,16
2013-03-27,20
2013-03-28,10
2013-03-29,5
2013-03-30,10
2013-03-31,18
2013-04-01,12
2013-04-02,18
2013-04-03,13
2013-04-04,12
2013-04-05,7
2013-04-06,24
2013-04-07,16
2013-04-08,42
2013-04-09,31
2013-04-10,20
2013-04-11,29
2013-04-12,14
2013-04-13,17
2013-04-14,4
2013-04-15,17
2013-04-16,18
2013-04-17,30
2013-04-18,33
2013-04-19,28
2013-04-20,26
2013-04-21,18
2013-04-22,23
2013-04-23,18
2013-04-24,17
2013-04-25,26
2013-04-26,22
2013-04-27,14
2013-04-28,28
2013-04-29,54
2013-04-30,32
2013-05-01,9
2013-05-02,22
2013-05-03,25
2013-05-04,18
2013-05-05,27
2013-05-06,24
2013-05-07,29
2013-05-08,10
2013-05-09,29
2013-05-10,26
2013-05-11,15
2013-05-12,7
2013-05-13,21
2013-05-14,28
2013-05-15,17
2013-05-16,25
2013-05-17,17
2013-05-18,16
2013-05-19,26
2013-05-20,20
2013-05-21,16
2013-05-22,19
2013-05-23,16
2013-05-24,18
2013-05-25,16
2013-05-26,0
2013-05-27,24
2013-05-28,45
2013-05-29,27
2013-05-30,42
2013-05-31,77
2013-06-01,53
2013-06-02,38
2013-06-03,30
2013-06-04,43
2013-06-05,43
2013-06-06,28
2013-06-07,15
2013-06-08,39
2013-06-09,75
2013-06-10,74
2013-06-11,69
2013-06-12,96
2013-06-13,53
2013-06-14,65
2013-06-15,59
2013-06-16,66
2013-06-17,100
2013-06-18,56
2013-06-19,59
2013-06-20,35
2013-06-21,37
2013-06-22,0
2013-06-23,36
2013-06-24,39
2013-06-25,37
2013-06-26,28
2013-06-27,23
2013-06-28,28
2013-06-29,24
2013-06-30,36
2013-07-01,63
2013-07-02,92
2013-07-03,100
2013-07-04,77
2013-07-05,68
2013-07-06,69
2013-07-07,45
2013-07-08,37
2013-07-09,81
2013-07-10,52
2013-07-11,72
2013-07-12,60
2013-07-13,30
2013-07-14,45
2013-07-15,34
2013-07-16,75
2013-07-17,41
2013-07-18,62
2013-07-19,72
2013-07-20,25
2013-07-21,58
2013-07-22,39
2013-07-23,48
2013-07-24,50
2013-07-25,56
2013-07-26,42
2013-07-27,25
2013-07-28,28
2013-07-29,43
2013-07-30,26
2013-07-31,39
2013-08-01,46
2013-08-02,35
2013-08-03,26
2013-08-04,19
2013-08-05,42
2013-08-06,47
2013-08-07,17
2013-08-08,33
2013-08-09,21
2013-08-10,43
2013-08-11,30
2013-08-12,45
2013-08-13,45
2013-08-14,51
2013-08-15,46
2013-08-16,15
2013-08-17,35
2013-08-18,41
2013-08-19,36
2013-08-20,36
2013-08-21,23
2013-08-22,27
2013-08-23,40
2013-08-24,0
2013-08-25,33
2013-08-26,41
2013-08-27,16
2013-08-28,73
2013-08-29,63
2013-08-30,42
2013-08-31,40
2013-09-01,36
2013-09-02,27
2013-09-03,41
2013-09-04,34
2013-09-05,36
2013-09-06,26
2013-09-07,59
2013-09-08,39
2013-09-09,62
2013-09-10,22
2013-09-11,34
2013-09-12,49
2013-09-13,32
2013-09-14,40
2013-09-15,53
2013-09-16,47
2013-09-17,27
2013-09-18,50
2013-09-19,39
2013-09-20,18
2013-09-21,16
2013-09-22,32
2013-09-23,14
2013-09-24,25
2013-09-25,19
2013-09-26,48
2013-09-27,15
2013-09-28,15
2013-09-29,23
2013-09-30,57
2013-10-01,80
2013-10-02,46
2013-10-03,37
2013-10-04,41
2013-10-05,37
2013-10-06,22
2013-10-07,58
2013-10-08,44
2013-10-09,39
2013-10-10,29
2013-10-11,18
2013-10-12,27
2013-10-13,21
2013-10-14,43
2013-10-15,15
2013-10-16,42
2013-10-17,57
2013-10-18,48
2013-10-19,19
2013-10-20,90
2013-10-21,56
2013-10-22,57
2013-10-23,61
2013-10-24,51
2013-10-25,45
2013-10-26,64
2013-10-27,25
2013-10-28,30
2013-10-29,63
2013-10-30,36
2013-10-31,41
2013-11-01,36
2013-11-02,41
2013-11-03,42
2013-11-04,47
2013-11-05,47
2013-11-06,42
2013-11-07,53
2013-11-08,41
2013-11-09,31
2013-11-10,33
2013-11-11,32
2013-11-12,21
2013-11-13,31
2013-11-14,51
2013-11-15,26
2013-11-16,28
2013-11-17,24
2013-11-18,58
2013-11-19,47
2013-11-20,13
2013-11-21,57
2013-11-22,17
2013-11-23,48
2013-11-24,68
2013-11-25,33
2013-11-26,53
2013-11-27,35
2013-11-28,23
2013-11-29,19
2013-11-30,15
2013-12-01,23
2013-12-02,26
2013-12-03,52
2013-12-04,39
2013-12-05,30
2013-12-06,33
2013-12-07,24
2013-12-08,28
2013-12-09,25
2013-12-10,30
2013-12-11,30
2013-12-12,42
2013-12-13,15
2013-12-14,48
2013-12-15,39
2013-12-16,0
2013-12-17,35
2013-12-18,33
2013-12-19,12
2013-12-20,24
2013-12-21,0
2013-12-22,41
2013-12-23,18
2013-12-24,0
2013-12-25,51
2013-12-26,35
2013-12-27,25
2013-12-28,0
2013-12-29,30
2013-12-30,47
2013-12-31,0
2014-01-01,47
2014-01-02,44
2014-01-03,28
2014-01-04,24
2014-01-05,31
2014-01-06,44
2014-01-07,0
2014-01-08,99
2014-01-09,35
2014-01-10,59
2014-01-11,28
2014-01-12,33
2014-01-13,54
2014-01-14,39
2014-01-15,55
2014-01-16,41
2014-01-17,39
2014-01-18,43
2014-01-19,50
2014-01-20,59
2014-01-21,54
2014-01-22,57
2014-01-23,45
2014-01-24,55
2014-01-25,0
2014-01-26,0
2014-01-27,55
2014-01-28,40
2014-01-29,28
2014-01-30,32
2014-01-31,0
2014-02-01,17
2014-02-02,0
2014-02-03,13
2014-02-04,38
2014-02-05,33
2014-02-06,0
2014-02-07,75
2014-02-08,29
2014-02-09,39
2014-02-10,55
2014-02-11,60
2014-02-12,60
2014-02-13,55
2014-02-14,45
2014-02-15,14
2014-02-16,53
2014-02-17,65
2014-02-18,40
2014-02-19,41
2014-02-20,33
2014-02-21,31
2014-02-22,65
2014-02-23,40
2014-02-24,21
2014-02-25,32
2014-02-26,82
2014-02-27,50
2014-02-28,27
2014-03-01,24
2014-03-02,51
2014-03-03,59
2014-03-04,67
2014-03-05,33
2014-03-06,61
2014-03-07,26
2014-03-08,13
2014-03-09,0
2014-03-10,32
2014-03-11,25
2014-03-12,42
2014-03-13,28
2014-03-14,0
2014-03-15,15
2014-03-16,0
2014-03-17,33
2014-03-18,54
2014-03-19,21
2014-03-20,28
2014-03-21,0
2014-03-22,0
2014-03-23,0
2014-03-24,40
2014-03-25,24
2014-03-26,32
2014-03-27,25
2014-03-28,0
2014-03-29,39
2014-03-30,65
2014-03-31,53
2014-04-01,53
2014-04-02,0
2014-04-03,40
2014-04-04,29
2014-04-05,45
2014-04-06,0
2014-04-07,41
2014-04-08,0
2014-04-09,20
2014-04-10,22
2014-04-11,31
2014-04-12,48
2014-04-13,26
2014-04-14,37
2014-04-15,54
2014-04-16,0
2014-04-17,27
2014-04-18,0
2014-04-19,72
2014-04-20,0
2014-04-21,73
2014-04-22,48
2014-04-23,39
2014-04-24,25
2014-04-25,38
2014-04-26,59
2014-04-27,56
2014-04-28,37
2014-04-29,64
2014-04-30,45
2014-05-01,16
2014-05-02,31
2014-05-03,66
2014-05-04,23
2014-05-05,34
2014-05-06,51
2014-05-07,13
2014-05-08,60
2014-05-09,26
2014-05-10,56
2014-05-11,41
2014-05-12,21
2014-05-13,21
2014-05-14,26
2014-05-15,15
2014-05-16,33
2014-05-17,41
2014-05-18,34
2014-05-19,49
2014-05-20,56
2014-05-21,59
2014-05-22,32
2014-05-23,85
2014-05-24,56
2014-05-25,41
2014-05-26,34
2014-05-27,70
2014-05-28,0
2014-05-29,27
2014-05-30,19
2014-05-31,32
2014-06-01,0
2014-06-02,22
2014-06-03,54
2014-06-04,50
2014-06-05,21
2014-06-06,85
2014-06-07,56
2014-06-08,36
2014-06-09,35
2014-06-10,40
2014-06-11,56
2014-06-12,66
2014-06-13,72
2014-06-14,37
2014-06-15,42
2014-06-16,54
2014-06-17,19
2014-06-18,75
2014-06-19,35
2014-06-20,31
2014-06-21,0
2014-06-22,100
2014-06-23,40
2014-06-24,15
2014-06-25,51
2014-06-26,60
2014-06-27,39
2014-06-28,43
2014-06-29,34
2014-06-30,47
2014-07-01,37
2014-07-02,67
2014-07-03,76
2014-07-04,38
2014-07-05,28
2014-07-06,43
2014-07-07,58
2014-07-08,77
2014-07-09,84
2014-07-10,51
2014-07-11,72
2014-07-12,70
2014-07-13,49
2014-07-14,36
2014-07-15,74
2014-07-16,42
2014-07-17,100
2014-07-18,57
2014-07-19,50
2014-07-20,21
2014-07-21,58
2014-07-22,62
2014-07-23,59
2014-07-24,79
2014-07-25,39
2014-07-26,34
2014-07-27,50
2014-07-28,14
2014-07-29,43
2014-07-30,36
2014-07-31,40
2014-08-01,56
2014-08-02,53
2014-08-03,48
2014-08-04,61
2014-08-05,33
2014-08-06,74
2014-08-07,62
2014-08-08,47
2014-08-09,42
2014-08-10,53
2014-08-11,52
2014-08-12,59
2014-08-13,51
2014-08-14,23
2014-08-15,0
2014-08-16,23
2014-08-17,52
2014-08-18,56
2014-08-19,58
2014-08-20,44
2014-08-21,66
2014-08-22,32
2014-08-23,66
2014-08-24,22
2014-08-25,15
2014-08-26,46
2014-08-27,53
2014-08-28,25
2014-08-29,36
2014-08-30,38
2014-08-31,47
2014-09-01,46
2014-09-02,38
2014-09-03,25
2014-09-04,0
2014-09-05,0
2014-09-06,30
2014-09-07,38
2014-09-08,46
2014-09-09,16
2014-09-10,25
2014-09-11,15
2014-09-12,35
2014-09-13,15
2014-09-14,15
2014-09-15,42
2014-09-16,24
2014-09-17,38
2014-09-18,31
2014-09-19,20
2014-09-20,15
2014-09-21,23
2014-09-22,22
2014-09-23,0
2014-09-24,12
2014-09-25,10
2014-09-26,21
2014-09-27,12
2014-09-28,30
2014-09-29,24
2014-09-30,43
2014-10-01,0
2014-10-02,27
2014-10-03,34
2014-10-04,29
2014-10-05,16
2014-10-06,33
2014-10-07,36
2014-10-08,17
2014-10-09,30
2014-10-10,46
2014-10-11,10
2014-10-12,24
2014-10-13,13
2014-10-14,0
2014-10-15,10
2014-10-16,28
2014-10-17,12
2014-10-18,53
2014-10-19,18
2014-10-20,40
2014-10-21,0
2014-10-22,30
2014-10-23,24
2014-10-24,21
2014-10-25,29
2014-10-26,0
2014-10-27,25
2014-10-28,13
2014-10-29,28
2014-10-30,37
2014-10-31,33
2014-11-01,66
2014-11-02,0
2014-11-03,25
2014-11-04,12
2014-11-05,30
2014-11-06,16
2014-11-07,0
2014-11-08,0
2014-11-09,0
2014-11-10,7
2014-11-11,25
2014-11-12,38
2014-11-13,26
2014-11-14,25
2014-11-15,17
2014-11-16,45
2014-11-17,21
2014-11-18,0
2014-11-19,19
2014-11-20,18
2014-11-21,17
2014-11-22,17
2014-11-23,13
2014-11-24,15
2014-11-25,47
2014-11-26,16
2014-11-27,32
2014-11-28,37
2014-11-29,30
2014-11-30,13
2014-12-01,47
2014-12-02,23
2014-12-03,19
2014-12-04,18
2014-12-05,14
2014-12-06,0
2014-12-07,46
2014-12-08,12
2014-12-09,10
2014-12-10,26
2014-12-11,26
2014-12-12,39
2014-12-13,0
2014-12-14,15
2014-12-15,19
2014-12-16,29
2014-12-17,19
2014-12-18,31
2014-12-19,20
2014-12-20,30
2014-12-21,0
2014-12-22,24
2014-12-23,0
2014-12-24,0
2014-12-25,16
2014-12-26,43
2014-12-27,33
2014-12-28,22
2014-12-29,18
2014-12-30,24
2014-12-31,29
2015-01-01,65
2015-01-02,0
2015-01-03,0
2015-01-04,0
2015-01-05,22
2015-01-06,24
2015-01-07,30
2015-01-08,40
2015-01-09,35
2015-01-10,39
2015-01-11,45
2015-01-12,34
2015-01-13,44
2015-01-14,44
2015-01-15,33
2015-01-16,46
2015-01-17,22
2015-01-18,45
2015-01-19,0
2015-01-20,27
2015-01-21,63
2015-01-22,0
2015-01-23,0
2015-01-24,0
2015-01-25,18
2015-01-26,43
2015-01-27,49
2015-01-28,39
2015-01-29,59
2015-01-30,33
2015-01-31,71
2015-02-01,30
2015-02-02,35
2015-02-03,27
2015-02-04,30
2015-02-05,54
2015-02-06,53
2015-02-07,0
2015-02-08,0
2015-02-09,67
2015-02-10,25
2015-02-11,21
2015-02-12,46
2015-02-13,20
2015-02-14,27
2015-02-15,0
2015-02-16,51
2015-02-17,0
2015-02-18,0
2015-02-19,34
2015-02-20,23
2015-02-21,48
2015-02-22,27
2015-02-23,54
2015-02-24,72
2015-02-25,28
2015-02-26,13
2015-02-27,42
2015-02-28,85
2015-03-01,0
2015-03-02,34
2015-03-03,27
2015-03-04,0
2015-03-05,19
2015-03-06,21
2015-03-07,35
2015-03-08,0
2015-03-09,22
2015-03-10,39
2015-03-11,0
2015-03-12,34
2015-03-13,26
2015-03-14,0
2015-03-15,37
2015-03-16,56
2015-03-17,0
2015-03-18,33
2015-03-19,66
2015-03-20,22
2015-03-21,15
2015-03-22,0
2015-03-23,40
2015-03-24,51
2015-03-25,43
2015-03-26,0
2015-03-27,13
2015-03-28,19
2015-03-29,0
2015-03-30,32
2015-03-31,26
2015-04-01,19
2015-04-02,49
2015-04-03,0
2015-04-04,31
2015-04-05,0
2015-04-06,32
2015-04-07,41
2015-04-08,41
2015-04-09,36
2015-04-10,23
2015-04-11,36
2015-04-12,23
2015-04-13,61
2015-04-14,0
2015-04-15,28
2015-04-16,13
2015-04-17,37
2015-04-18,29
2015-04-19,0
2015-04-20,43
2015-04-21,47
2015-04-22,0
2015-04-23,34
2015-04-24,45
2015-04-25,0
2015-04-26,0
2015-04-27,0
2015-04-28,20
2015-04-29,0
2015-04-30,35
2015-05-01,53
2015-05-02,72
2015-05-03,24
2015-05-04,31
2015-05-05,22
2015-05-06,51
2015-05-07,31
2015-05-08,51
2015-05-09,0
2015-05-10,97
2015-05-11,16
2015-05-12,45
2015-05-13,50
2015-05-14,56
2015-05-15,18
2015-05-16,34
2015-05-17,68
2015-05-18,42
2015-05-19,33
2015-05-20,18
2015-05-21,18
2015-05-22,74
2015-05-23,0
2015-05-24,50
2015-05-25,33
2015-05-26,43
2015-05-27,58
2015-05-28,43
2015-05-29,22
2015-05-30,0
2015-05-31,100
2015-06-01,28
2015-06-02,46
2015-06-03,23
2015-06-04,47
2015-06-05,65
2015-06-06,42
2015-06-07,23
2015-06-08,37
2015-06-09,39
2015-06-10,19
2015-06-11,36
2015-06-12,0
2015-06-13,79
2015-06-14,35
2015-06-15,42
2015-06-16,40
2015-06-17,62
2015-06-18,33
2015-06-19,61
2015-06-20,0
2015-06-21,50
2015-06-22,43
2015-06-23,73
2015-06-24,40
2015-06-25,29
2015-06-26,58
2015-06-27,45
2015-06-28,39
2015-06-29,22
2015-06-30,17
2015-07-01,66
2015-07-02,61
2015-07-03,56
2015-07-04,58
2015-07-05,0
2015-07-06,28
2015-07-07,95
2015-07-08,49
2015-07-09,39
2015-07-10,45
2015-07-11,27
2015-07-12,94
2015-07-13,46
2015-07-14,52
2015-07-15,50
2015-07-16,42
2015-07-17,26
2015-07-18,61
2015-07-19,81
2015-07-20,45
2015-07-21,37
2015-07-22,45
2015-07-23,55
2015-07-24,22
2015-07-25,44
2015-07-26,36
2015-07-27,53
2015-07-28,37
2015-07-29,51
2015-07-30,26
2015-07-31,34
2015-08-01,67
2015-08-02,72
2015-08-03,21
2015-08-04,28
2015-08-05,48
2015-08-06,26
2015-08-07,0
2015-08-08,23
2015-08-09,0
2015-08-10,0
2015-08-11,51
2015-08-12,63
2015-08-13,31
2015-08-14,29
2015-08-15,49
2015-08-16,81
2015-08-17,40
2015-08-18,44
2015-08-19,27
2015-08-20,34
2015-08-21,14
2015-08-22,0
2015-08-23,18
2015-08-24,28
2015-08-25,0
2015-08-26,51
2015-08-27,26
2015-08-28,59
2015-08-29,51
2015-08-30,0
2015-08-31,14
2015-09-01,21
2015-09-02,38
2015-09-03,33
2015-09-04,43
2015-09-05,37
2015-09-06,0
2015-09-07,40
2015-09-08,43
2015-09-09,44
2015-09-10,22
2015-09-11,23
2015-09-12,23
2015-09-13,15
2015-09-14,62
2015-09-15,52
2015-09-16,28
2015-09-17,56
2015-09-18,0
2015-09-19,50
2015-09-20,42
2015-09-21,50
2015-09-22,44
2015-09-23,15
2015-09-24,0
2015-09-25,16
2015-09-26,25
2015-09-27,86
2015-09-28,66
2015-09-29,53
2015-09-30,97
2015-10-01,12
2015-10-02,0
2015-10-03,44
2015-10-04,78
2015-10-05,46
2015-10-06,37
2015-10-07,58
2015-10-08,24
2015-10-09,32
2015-10-10,38
2015-10-11,47
2015-10-12,28
2015-10-13,73
2015-10-14,40
2015-10-15,21
2015-10-16,18
2015-10-17,22
2015-10-18,72
2015-10-19,60
2015-10-20,61
2015-10-21,34
2015-10-22,51
2015-10-23,36
2015-10-24,34
2015-10-25,42
2015-10-26,13
2015-10-27,39
2015-10-28,63
2015-10-29,60
2015-10-30,41
2015-10-31,17
2015-11-01,37
2015-11-02,81
2015-11-03,37
2015-11-04,19
2015-11-05,37
2015-11-06,40
2015-11-07,76
2015-11-08,23
2015-11-09,73
2015-11-10,67
2015-11-11,27
2015-11-12,0
2015-11-13,60
2015-11-14,0
2015-11-15,0
2015-11-16,50
2015-11-17,45
2015-11-18,24
2015-11-19,45
2015-11-20,55
2015-11-21,28
2015-11-22,0
2015-11-23,47
2015-11-24,13
2015-11-25,20
2015-11-26,61
2015-11-27,27
2015-11-28,0
2015-11-29,0
2015-11-30,24
2015-12-01,35
2015-12-02,53
2015-12-03,48
2015-12-04,31
2015-12-05,47
2015-12-06,33
2015-12-07,0
2015-12-08,47
2015-12-09,0
2015-12-10,84
2015-12-11,86
2015-12-12,44
2015-12-13,76
2015-12-14,92
2015-12-15,77
2015-12-16,72
2015-12-17,71
2015-12-18,36
2015-12-19,59
2015-12-20,0
2015-12-21,38
2015-12-22,60
2015-12-23,72
2015-12-24,24
2015-12-25,0
2015-12-26,47
2015-12-27,80
2015-12-28,63
2015-12-29,100
2015-12-30,51
2015-12-31,81
2016-01-01,28
2016-01-02,27
2016-01-03,29
2016-01-04,45
2016-01-05,30
2016-01-06,56
2016-01-07,66
2016-01-08,74
2016-01-09,60
2016-01-10,25
2016-01-11,67
2016-01-12,76
2016-01-13,63
2016-01-14,47
2016-01-15,52
2016-01-16,0
2016-01-17,22
2016-01-18,40
2016-01-19,39
2016-01-20,47
2016-01-21,70
2016-01-22,58
2016-01-23,49
2016-01-24,49
2016-01-25,49
2016-01-26,58
2016-01-27,100
2016-01-28,69
2016-01-29,38
2016-01-30,64
2016-01-31,74
2016-02-01,47
2016-02-02,43
2016-02-03,86
2016-02-04,54
2016-02-05,41
2016-02-06,39
2016-02-07,31
2016-02-08,38
2016-02-09,92
2016-02-10,89
2016-02-11,77
2016-02-12,67
2016-02-13,40
2016-02-14,43
2016-02-15,60
2016-02-16,76
2016-02-17,60
2016-02-18,44
2016-02-19,47
2016-02-20,72
2016-02-21,63
2016-02-22,86
2016-02-23,45
2016-02-24,39
2016-02-25,50
2016-02-26,48
2016-02-27,30
2016-02-28,53
2016-02-29,31
2016-03-01,72
2016-03-02,43
2016-03-03,42
2016-03-04,56
2016-03-05,23
2016-03-06,68
2016-03-07,76
2016-03-08,42
2016-03-09,39
2016-03-10,41
2016-03-11,43
2016-03-12,42
2016-03-13,30
2016-03-14,41
2016-03-15,61
2016-03-16,34
2016-03-17,48
2016-03-18,14
2016-03-19,42
2016-03-20,29
2016-03-21,29
2016-03-22,14
2016-03-23,30
2016-03-24,48
2016-03-25,34
2016-03-26,29
2016-03-27,51
2016-03-28,24
2016-03-29,42
2016-03-30,40
2016-03-31,49
2016-04-01,24
2016-04-02,19
2016-04-03,29
2016-04-04,17
2016-04-05,54
2016-04-06,25
2016-04-07,58
2016-04-08,0
2016-04-09,67
2016-04-10,25
2016-04-11,64
2016-04-12,32
2016-04-13,30
2016-04-14,51
2016-04-15,16
2016-04-16,42
2016-04-17,27
2016-04-18,21
2016-04-19,31
2016-04-20,33
2016-04-21,29
2016-04-22,12
2016-04-23,0
2016-04-24,0
2016-04-25,26
2016-04-26,24
2016-04-27,34
2016-04-28,30
2016-04-29,27
2016-04-30,0
2016-05-01,28
2016-05-02,32
2016-05-03,17
2016-05-04,13
2016-05-05,20
2016-05-06,27
2016-05-07,27
2016-05-08,30
2016-05-09,14
2016-05-10,41
2016-05-11,49
2016-05-12,33
2016-05-13,31
2016-05-14,28
2016-05-15,17
2016-05-16,25
2016-05-17,0
2016-05-18,28
2016-05-19,39
2016-05-20,29
2016-05-21,19
2016-05-22,41
2016-05-23,20
2016-05-24,46
2016-05-25,27
2016-05-26,0
2016-05-27,18
2016-05-28,29
2016-05-29,16
2016-05-30,30
2016-05-31,33
2016-06-01,15
2016-06-02,21
2016-06-03,26
2016-06-04,38
2016-06-05,41
2016-06-06,45
2016-06-07,35
2016-06-08,32
2016-06-09,28
2016-06-10,17
2016-06-11,23
2016-06-12,24
2016-06-13,15
2016-06-14,32
2016-06-15,25
2016-06-16,36
2016-06-17,0
2016-06-18,24
2016-06-19,18
2016-06-20,12
2016-06-21,34
2016-06-22,33
2016-06-23,34
2016-06-24,24
2016-06-25,17
2016-06-26,29
2016-06-27,25
2016-06-28,39
2016-06-29,40
2016-06-30,37
2016-07-01,0
2016-07-02,0
2016-07-03,0
2016-07-04,0
2016-07-05,0
2016-07-06,0
2016-07-07,0
2016-07-08,0
2016-07-09,0
2016-07-10,0
2016-07-11,0
2016-07-12,0
2016-07-13,0
2016-07-14,0
2016-07-15,0
2016-07-16,0
2016-07-17,0
2016-07-18,0
2016-07-19,0
2016-07-20,0
2016-07-21,0
2016-07-22,0
2016-07-23,0
2016-07-24,0
2016-07-25,0
2016-07-26,0
2016-07-27,0
2016-07-28,0
2016-07-29,0
2016-07-30,0
2016-07-31,0
2016-08-01,0
2016-08-02,0
2016-08-03,0
2016-08-04,0
2016-08-05,0
2016-08-06,0
2016-08-07,0
2016-08-08,0
2016-08-09,0
2016-08-10,0
2016-08-11,0
2016-08-12,0
2016-08-13,0
2016-08-14,0
2016-08-15,0
2016-08-16,0
2016-08-17,0
2016-08-18,0
2016-08-19,0
2016-08-20,0
2016-08-21,0
2016-08-22,0
2016-08-23,0
2016-08-24,0
2016-08-25,0
2016-08-26,0
2016-08-27,0
2016-08-28,0
2016-08-29,0
2016-08-30,0
2016-08-31,0
2016-09-01,0
2016-09-02,0
2016-09-03,0
2016-09-04,0
2016-09-05,0
2016-09-06,0
2016-09-07,0
2016-09-08,0
2016-09-09,0
2016-09-10,0
2016-09-11,0
2016-09-12,0
2016-09-13,0
2016-09-14,0
2016-09-15,0
2016-09-16,0
2016-09-17,0
2016-09-18,0
2016-09-19,0
2016-09-20,0
2016-09-21,0
2016-09-22,0
2016-09-23,0
2016-09-24,0
2016-09-25,0
2016-09-26,0
2016-09-27,0
2016-09-28,0
2016-09-29,0
2016-09-30,0
2016-10-01,25
2016-10-02,58
2016-10-03,0
2016-10-04,35
2016-10-05,52
2016-10-06,31
2016-10-07,47
2016-10-08,31
2016-10-09,100
2016-10-10,36
2016-10-11,33
2016-10-12,78
2016-10-13,40
2016-10-14,29
2016-10-15,30
2016-10-16,29
2016-10-17,38
2016-10-18,46
2016-10-19,61
2016-10-20,37
2016-10-21,0
2016-10-22,0
2016-10-23,0
2016-10-24,37
2016-10-25,16
2016-10-26,25
2016-10-27,34
2016-10-28,44
2016-10-29,43
2016-10-30,0
2016-10-31,0
2016-11-01,25
2016-11-02,63
2016-11-03,42
2016-11-04,0
2016-11-05,30
2016-11-06,28
2016-11-07,0
2016-11-08,0
2016-11-09,17
2016-11-10,26
2016-11-11,0
2016-11-12,0
2016-11-13,18
2016-11-14,16
2016-11-15,25
2016-11-16,31
2016-11-17,44
2016-11-18,14
2016-11-19,17
2016-11-20,28
2016-11-21,40
2016-11-22,27
2016-11-23,14
2016-11-24,24
2016-11-25,24
2016-11-26,35
2016-11-27,23
2016-11-28,23
2016-11-29,40
2016-11-30,36
2016-12-01,37
2016-12-02,32
2016-12-03,0
2016-12-04,16
2016-12-05,0
2016-12-06,17
2016-12-07,0
2016-12-08,0
2016-12-09,0
2016-12-10,48
2016-12-11,0
2016-12-12,0
2016-12-13,0
2016-12-14,33
2016-12-15,21
2016-12-16,27
2016-12-17,41
2016-12-18,58
2016-12-19,48
2016-12-20,0
2016-12-21,0
2016-12-22,0
2016-12-23,0
2016-12-24,0
2016-12-25,0
2016-12-26,22
2016-12-27,37
2016-12-28,17
2016-12-29,38
2016-12-30,36
2016-12-31,24
2017-01-01,37
2017-01-02,19
2017-01-03,24
2017-01-04,42
2017-01-05,36
2017-01-06,53
2017-01-07,50
2017-01-08,44
2017-01-09,0
2017-01-10,38
2017-01-11,26
2017-01-12,0
2017-01-13,28
2017-01-14,23
2017-01-15,0
2017-01-16,0
2017-01-17,28
2017-01-18,27
2017-01-19,39
2017-01-20,0
2017-01-21,15
2017-01-22,37
2017-01-23,45
2017-01-24,0
2017-01-25,49
2017-01-26,28
2017-01-27,51
2017-01-28,0
2017-01-29,0
2017-01-30,26
2017-01-31,42
2017-02-01,0
2017-02-02,0
2017-02-03,55
2017-02-04,31
2017-02-05,38
2017-02-06,16
2017-02-07,31
2017-02-08,54
2017-02-09,30
2017-02-10,31
2017-02-11,28
2017-02-12,22
2017-02-13,21
2017-02-14,12
2017-02-15,0
2017-02-16,15
2017-02-17,13
2017-02-18,0
2017-02-19,51
2017-02-20,0
2017-02-21,23
2017-02-22,51
2017-02-23,0
2017-02-24,37
2017-02-25,20
2017-02-26,15
2017-02-27,0
2017-02-28,0
2017-03-01,33
2017-03-02,21
2017-03-03,17
2017-03-04,0
2017-03-05,0
2017-03-06,37
2017-03-07,0
2017-03-08,47
2017-03-09,22
2017-03-10,40
2017-03-11,33
2017-03-12,0
2017-03-13,42
2017-03-14,0
2017-03-15,15
2017-03-16,38
2017-03-17,17
2017-03-18,0
2017-03-19,18
2017-03-20,26
2017-03-21,28
2017-03-22,48
2017-03-23,0
2017-03-24,21
2017-03-25,0
2017-03-26,16
2017-03-27,22
2017-03-28,37
2017-03-29,26
2017-03-30,15
2017-03-31,27
2017-04-01,15
2017-04-02,40
2017-04-03,0
2017-04-04,58
2017-04-05,45
2017-04-06,66
2017-04-07,35
2017-04-08,24
2017-04-09,41
2017-04-10,20
2017-04-11,35
2017-04-12,28
2017-04-13,24
2017-04-14,0
2017-04-15,30
2017-04-16,25
2017-04-17,22
2017-04-18,22
2017-04-19,39
2017-04-20,30
2017-04-21,39
2017-04-22,0
2017-04-23,27
2017-04-24,13
2017-04-25,35
2017-04-26,78
2017-04-27,0
2017-04-28,34
2017-04-29,0
2017-04-30,0
2017-05-01,37
2017-05-02,45
2017-05-03,42
2017-05-04,0
2017-05-05,22
2017-05-06,21
2017-05-07,0
2017-05-08,14
2017-05-09,33
2017-05-10,19
2017-05-11,0
2017-05-12,27
2017-05-13,30
2017-05-14,51
2017-05-15,21
2017-05-16,17
2017-05-17,44
2017-05-18,56
2017-05-19,17
2017-05-20,27
2017-05-21,48
2017-05-22,40
2017-05-23,32
2017-05-24,0
2017-05-25,34
2017-05-26,40
2017-05-27,28
2017-05-28,46
2017-05-29,42
2017-05-30,41
2017-05-31,37
2017-06-01,47
2017-06-02,86
2017-06-03,20
2017-06-04,30
2017-06-05,36
2017-06-06,0
2017-06-07,31
2017-06-08,26
2017-06-09,29
2017-06-10,0
2017-06-11,33
2017-06-12,32
2017-06-13,43
2017-06-14,15
2017-06-15,100
2017-06-16,24
2017-06-17,56
2017-06-18,0
2017-06-19,25
2017-06-20,0
2017-06-21,28
2017-06-22,31
2017-06-23,0
2017-06-24,0
2017-06-25,21
2017-06-26,50
2017-06-27,0
2017-06-28,23
2017-06-29,71
2017-06-30,0
2017-07-01,34
2017-07-02,0
2017-07-03,0
2017-07-04,29
2017-07-05,0
2017-07-06,42
2017-07-07,39
2017-07-08,44
2017-07-09,25
2017-07-10,14
2017-07-11,56
2017-07-12,14
2017-07-13,30
2017-07-14,23
2017-07-15,0
2017-07-16,22
2017-07-17,0
2017-07-18,68
2017-07-19,40
2017-07-20,0
2017-07-21,0
2017-07-22,50
2017-07-23,40
2017-07-24,0
2017-07-25,20
2017-07-26,20
2017-07-27,17
2017-07-28,0
2017-07-29,29
2017-07-30,18
2017-07-31,0
2017-08-01,35
2017-08-02,25
2017-08-03,0
2017-08-04,20
2017-08-05,47
2017-08-06,0
2017-08-07,37
2017-08-08,20
2017-08-09,38
2017-08-10,35
2017-08-11,0
2017-08-12,20
2017-08-13,17
2017-08-14,21
2017-08-15,0
2017-08-16,24
2017-08-17,35
2017-08-18,0
2017-08-19,62
2017-08-20,32
2017-08-21,24
2017-08-22,30
2017-08-23,46
2017-08-24,0
2017-08-25,0
2017-08-26,0
2017-08-27,0
2017-08-28,43
2017-08-29,0
2017-08-30,15
2017-08-31,0
2017-09-01,28
2017-09-02,0
2017-09-03,0
2017-09-04,15
2017-09-05,44
2017-09-06,16
2017-09-07,0
2017-09-08,41
2017-09-09,31
2017-09-10,88
2017-09-11,100
2017-09-12,0
2017-09-13,39
2017-09-14,56
2017-09-15,44
2017-09-16,0
2017-09-17,42
2017-09-18,32
2017-09-19,36
2017-09-20,22
2017-09-21,22
2017-09-22,25
2017-09-23,0
2017-09-24,26
2017-09-25,84
2017-09-26,19
2017-09-27,17
2017-09-28,46
2017-09-29,41
2017-09-30,27
2017-10-01,56
2017-10-02,0
2017-10-03,0
2017-10-04,30
2017-10-05,17
2017-10-06,42
2017-10-07,29
2017-10-08,30
2017-10-09,21
2017-10-10,0
2017-10-11,94
2017-10-12,16
2017-10-13,29
2017-10-14,0
2017-10-15,51
2017-10-16,70
2017-10-17,0
2017-10-18,94
2017-10-19,64
2017-10-20,29
2017-10-21,0
2017-10-22,43
2017-10-23,47
2017-10-24,0
2017-10-25,13
2017-10-26,18
2017-10-27,30
2017-10-28,29
2017-10-29,45
2017-10-30,31
2017-10-31,48
2017-11-01,0
2017-11-02,67
2017-11-03,33
2017-11-04,0
2017-11-05,16
2017-11-06,0
2017-11-07,59
2017-11-08,22
2017-11-09,18
2017-11-10,22
2017-11-11,33
2017-11-12,82
2017-11-13,0
2017-11-14,15
2017-11-15,0
2017-11-16,32
2017-11-17,44
2017-11-18,48
2017-11-19,47
2017-11-20,64
2017-11-21,30
2017-11-22,20
2017-11-23,20
2017-11-24,27
2017-11-25,0
2017-11-26,31
2017-11-27,0
2017-11-28,0
2017-11-29,48
2017-11-30,27
2017-12-01,47
2017-12-02,44
2017-12-03,35
2017-12-04,34
2017-12-05,25
2017-12-06,31
2017-12-07,43
2017-12-08,26
2017-12-09,34
2017-12-10,71
2017-12-11,36
2017-12-12,82
2017-12-13,24
2017-12-14,58
2017-12-15,0
2017-12-16,0
2017-12-17,53
2017-12-18,36
2017-12-19,0
2017-12-20,16
2017-12-21,48
2017-12-22,20
2017-12-23,0
2017-12-24,22
2017-12-25,20
2017-12-26,0
2017-12-27,0
2017-12-28,0
2017-12-29,25
2017-12-30,43
2017-12-31,0
2018-01-01,0
2018-01-02,46
2018-01-03,0
2018-01-04,0
2018-01-05,33
2018-01-06,33
2018-01-07,29
2018-01-08,28
2018-01-09,16
2018-01-10,26
2018-01-11,22
2018-01-12,15
2018-01-13,24
2018-01-14,13
2018-01-15,10
2018-01-16,16
2018-01-17,28
2018-01-18,0
2018-01-19,23
2018-01-20,11
2018-01-21,22
2018-01-22,37
2018-01-23,17
2018-01-24,27
2018-01-25,27
2018-01-26,0
2018-01-27,40
2018-01-28,23
2018-01-29,10
2018-01-30,22
2018-01-31,19
2018-02-01,25
2018-02-02,33
2018-02-03,0
2018-02-04,0
2018-02-05,0
2018-02-06,18
2018-02-07,26
2018-02-08,12
2018-02-09,10
2018-02-10,13
2018-02-11,0
2018-02-12,14
2018-02-13,24
2018-02-14,0
2018-02-15,0
2018-02-16,31
2018-02-17,0
2018-02-18,14
2018-02-19,0
2018-02-20,19
2018-02-21,19
2018-02-22,14
2018-02-23,0
2018-02-24,12
2018-02-25,0
2018-02-26,0
2018-02-27,20
2018-02-28,17
2018-03-01,13
2018-03-02,14
2018-03-03,0
2018-03-04,26
2018-03-05,0
2018-03-06,24
2018-03-07,22
2018-03-08,0
2018-03-09,0
2018-03-10,42
2018-03-11,14
2018-03-12,0
2018-03-13,0
2018-03-14,18
2018-03-15,22
2018-03-16,0
2018-03-17,0
2018-03-18,16
2018-03-19,15
2018-03-20,15
2018-03-21,0
2018-03-22,0
2018-03-23,23
2018-03-24,0
2018-03-25,0
2018-03-26,0
2018-03-27,38
2018-03-28,0
2018-03-29,29
2018-03-30,25
2018-03-31,39
2018-04-01,15
2018-04-02,0
2018-04-03,31
2018-04-04,0
2018-04-05,19
2018-04-06,11
2018-04-07,14
2018-04-08,0
2018-04-09,14
2018-04-10,0
2018-04-11,0
2018-04-12,14
2018-04-13,15
2018-04-14,20
2018-04-15,0
2018-04-16,10
2018-04-17,31
2018-04-18,0
2018-04-19,0
2018-04-20,21
2018-04-21,29
2018-04-22,0
2018-04-23,16
2018-04-24,0
2018-04-25,20
2018-04-26,18
2018-04-27,27
2018-04-28,0
2018-04-29,32
2018-04-30,0
2018-05-01,10
2018-05-02,38
2018-05-03,35
2018-05-04,22
2018-05-05,69
2018-05-06,91
2018-05-07,100
2018-05-08,55
2018-05-09,46
2018-05-10,25
2018-05-11,18
2018-05-12,23
2018-05-13,13
2018-05-14,14
2018-05-15,35
2018-05-16,0
2018-05-17,14
2018-05-18,31
2018-05-19,0
2018-05-20,56
2018-05-21,39
2018-05-22,26
2018-05-23,34
2018-05-24,39
2018-05-25,17
2018-05-26,41
2018-05-27,34
2018-05-28,26
2018-05-29,0
2018-05-30,31
2018-05-31,23
2018-06-01,12
2018-06-02,23
2018-06-03,21
2018-06-04,34
2018-06-05,17
2018-06-06,0
2018-06-07,59
2018-06-08,46
2018-06-09,33
2018-06-10,33
2018-06-11,16
2018-06-12,34
2018-06-13,24
2018-06-14,29
2018-06-15,0
2018-06-16,0
2018-06-17,15
2018-06-18,9
2018-06-19,28
2018-06-20,14
2018-06-21,19
2018-06-22,0
2018-06-23,24
2018-06-24,0
2018-06-25,16
2018-06-26,21
2018-06-27,18
2018-06-28,15
2018-06-29,0
2018-06-30,19
2018-07-01,18
2018-07-02,0
2018-07-03,46
2018-07-04,25
2018-07-05,39
2018-07-06,0
2018-07-07,0
2018-07-08,0
2018-07-09,20
2018-07-10,43
2018-07-11,28
2018-07-12,32
2018-07-13,65
2018-07-14,0
2018-07-15,19
2018-07-16,23
2018-07-17,0
2018-07-18,0
2018-07-19,18
2018-07-20,16
2018-07-21,24
2018-07-22,20
2018-07-23,0
2018-07-24,54
2018-07-25,21
2018-07-26,50
2018-07-27,0
2018-07-28,16
2018-07-29,45
2018-07-30,0
2018-07-31,27
2018-08-01,27
2018-08-02,20
2018-08-03,45
2018-08-04,24
2018-08-05,36
2018-08-06,24
2018-08-07,0
2018-08-08,14
2018-08-09,18
2018-08-10,0
2018-08-11,67
2018-08-12,37
2018-08-13,24
2018-08-14,0
2018-08-15,0
2018-08-16,0
2018-08-17,0
2018-08-18,0
2018-08-19,33
2018-08-20,41
2018-08-21,19
2018-08-22,0
2018-08-23,20
2018-08-24,25
2018-08-25,0
2018-08-26,19
2018-08-27,43
2018-08-28,0
2018-08-29,32
2018-08-30,0
2018-08-31,24
2018-09-01,49
2018-09-02,0
2018-09-03,37
2018-09-04,0
2018-09-05,13
2018-09-06,0
2018-09-07,35
2018-09-08,26
2018-09-09,73
2018-09-10,34
2018-09-11,53
2018-09-12,26
2018-09-13,0
2018-09-14,34
2018-09-15,16
2018-09-16,24
2018-09-17,0
2018-09-18,0
2018-09-19,26
2018-09-20,28
2018-09-21,14
2018-09-22,48
2018-09-23,0
2018-09-24,21
2018-09-25,56
2018-09-26,45
2018-09-27,43
2018-09-28,48
2018-09-29,0
2018-09-30,15
2018-10-01,0
2018-10-02,20
2018-10-03,56
2018-10-04,0
2018-10-05,0
2018-10-06,0
2018-10-07,28
2018-10-08,37
2018-10-09,16
2018-10-10,20
2018-10-11,28
2018-10-12,21
2018-10-13,25
2018-10-14,29
2018-10-15,37
2018-10-16,38
2018-10-17,100
2018-10-18,23
2018-10-19,0
2018-10-20,0
2018-10-21,48
2018-10-22,32
2018-10-23,22
2018-10-24,31
2018-10-25,0
2018-10-26,26
2018-10-27,14
2018-10-28,0
2018-10-29,30
2018-10-30,0
2018-10-31,0
2018-11-01,25
2018-11-02,20
2018-11-03,66
2018-11-04,0
2018-11-05,28
2018-11-06,41
2018-11-07,25
2018-11-08,31
2018-11-09,30
2018-11-10,0
2018-11-11,0
2018-11-12,43
2018-11-13,37
2018-11-14,23
2018-11-15,49
2018-11-16,14
2018-11-17,18
2018-11-18,24
2018-11-19,61
2018-11-20,21
2018-11-21,0
2018-11-22,45
2018-11-23,20
2018-11-24,0
2018-11-25,26
2018-11-26,0
2018-11-27,39
2018-11-28,39
2018-11-29,18
2018-11-30,39
2018-12-01,64
2018-12-02,27
2018-12-03,20
2018-12-04,46
2018-12-05,66
2018-12-06,40
2018-12-07,21
2018-12-08,35
2018-12-09,54
2018-12-10,25
2018-12-11,25
2018-12-12,18
2018-12-13,39
2018-12-14,42
2018-12-15,0
2018-12-16,44
2018-12-17,0
2018-12-18,69
2018-12-19,65
2018-12-20,0
2018-12-21,25
2018-12-22,0
2018-12-23,0
2018-12-24,27
2018-12-25,48
2018-12-26,34
2018-12-27,28
2018-12-28,42
2018-12-29,64
2018-12-30,0
2018-12-31,23
2019-01-01,24
2019-01-02,0
2019-01-03,29
2019-01-04,52
2019-01-05,22
2019-01-06,42
2019-01-07,26
2019-01-08,0
2019-01-09,54
2019-01-10,44
2019-01-11,19
2019-01-12,16
2019-01-13,26
2019-01-14,11
2019-01-15,29
2019-01-16,32
2019-01-17,32
2019-01-18,24
2019-01-19,30
2019-01-20,11
2019-01-21,26
2019-01-22,30
2019-01-23,25
2019-01-24,33
2019-01-25,29
2019-01-26,42
2019-01-27,0
2019-01-28,0
2019-01-29,38
2019-01-30,22
2019-01-31,38
2019-02-01,27
2019-02-02,0
2019-02-03,28
2019-02-04,35
2019-02-05,0
2019-02-06,21
2019-02-07,28
2019-02-08,43
2019-02-09,51
2019-02-10,45
2019-02-11,51
2019-02-12,58
2019-02-13,31
2019-02-14,26
2019-02-15,45
2019-02-16,27
2019-02-17,0
2019-02-18,20
2019-02-19,13
2019-02-20,39
2019-02-21,34
2019-02-22,0
2019-02-23,37
2019-02-24,36
2019-02-25,10
2019-02-26,46
2019-02-27,0
2019-02-28,34
2019-03-01,21
2019-03-02,17
2019-03-03,13
2019-03-04,40
2019-03-05,25
2019-03-06,36
2019-03-07,24
2019-03-08,29
2019-03-09,28
2019-03-10,32
2019-03-11,0
2019-03-12,22
2019-03-13,7
2019-03-14,24
2019-03-15,8
2019-03-16,17
2019-03-17,23
2019-03-18,34
2019-03-19,44
2019-03-20,23
2019-03-21,22
2019-03-22,23
2019-03-23,28
2019-03-24,31
2019-03-25,19
2019-03-26,25
2019-03-27,21
2019-03-28,13
2019-03-29,12
2019-03-30,31
2019-03-31,19
2019-04-01,0
2019-04-02,23
2019-04-03,24
2019-04-04,18
2019-04-05,14
2019-04-06,46
2019-04-07,32
2019-04-08,14
2019-04-09,18
2019-04-10,33
2019-04-11,14
2019-04-12,50
2019-04-13,24
2019-04-14,29
2019-04-15,20
2019-04-16,17
2019-04-17,24
2019-04-18,14
2019-04-19,40
2019-04-20,34
2019-04-21,42
2019-04-22,9
2019-04-23,38
2019-04-24,39
2019-04-25,23
2019-04-26,15
2019-04-27,20
2019-04-28,29
2019-04-29,27
2019-04-30,8
2019-05-01,20
2019-05-02,12
2019-05-03,30
2019-05-04,72
2019-05-05,27
2019-05-06,10
2019-05-07,19
2019-05-08,37
2019-05-09,29
2019-05-10,10
2019-05-11,47
2019-05-12,29
2019-05-13,0
2019-05-14,33
2019-05-15,23
2019-05-16,25
2019-05-17,38
2019-05-18,35
2019-05-19,33
2019-05-20,11
2019-05-21,16
2019-05-22,27
2019-05-23,0
2019-05-24,43
2019-05-25,38
2019-05-26,29
2019-05-27,37
2019-05-28,69
2019-05-29,63
2019-05-30,58
2019-05-31,48
2019-06-01,59
2019-06-02,28
2019-06-03,54
2019-06-04,51
2019-06-05,34
2019-06-06,18
2019-06-07,43
2019-06-08,33
2019-06-09,43
2019-06-10,29
2019-06-11,40
2019-06-12,62
2019-06-13,22
2019-06-14,20
2019-06-15,67
2019-06-16,45
2019-06-17,59
2019-06-18,42
2019-06-19,76
2019-06-20,71
2019-06-21,87
2019-06-22,63
2019-06-23,60
2019-06-24,53
2019-06-25,80
2019-06-26,75
2019-06-27,100
2019-06-28,45
2019-06-29,37
2019-06-30,35
2019-07-01,46
2019-07-02,44
2019-07-03,50
2019-07-04,30
2019-07-05,65
2019-07-06,16
2019-07-07,56
2019-07-08,59
2019-07-09,56
2019-07-10,57
2019-07-11,42
2019-07-12,24
2019-07-13,45
2019-07-14,44
2019-07-15,53
2019-07-16,55
2019-07-17,82
2019-07-18,28
2019-07-19,55
2019-07-20,52
2019-07-21,49
2019-07-22,52
2019-07-23,46
2019-07-24,48
2019-07-25,49
2019-07-26,43
2019-07-27,40
2019-07-28,37
2019-07-29,100
2019-07-30,83
2019-07-31,72
2019-08-01,64
2019-08-02,59
2019-08-03,31
2019-08-04,78
2019-08-05,91
2019-08-06,86
2019-08-07,80
2019-08-08,58
2019-08-09,27
2019-08-10,44
2019-08-11,56
2019-08-12,71
2019-08-13,60
2019-08-14,57
2019-08-15,58
2019-08-16,38
2019-08-17,51
2019-08-18,47
2019-08-19,52
2019-08-20,48
2019-08-21,31
2019-08-22,72
2019-08-23,51
2019-08-24,50
2019-08-25,36
2019-08-26,65
2019-08-27,21
2019-08-28,40
2019-08-29,36
2019-08-30,24
2019-08-31,27
2019-09-01,47
2019-09-02,18
2019-09-03,33
2019-09-04,44
2019-09-05,30
2019-09-06,28
2019-09-07,46
2019-09-08,26
2019-09-09,47
2019-09-10,34
2019-09-11,37
2019-09-12,24
2019-09-13,28
2019-09-14,36
2019-09-15,43
2019-09-16,33
2019-09-17,50
2019-09-18,51
2019-09-19,28
2019-09-20,48
2019-09-21,27
2019-09-22,30
2019-09-23,46
2019-09-24,36
2019-09-25,32
2019-09-26,18
2019-09-27,59
2019-09-28,0
2019-09-29,27
2019-09-30,0
2019-10-01,23
2019-10-02,42
2019-10-03,28
2019-10-04,35
2019-10-05,0
2019-10-06,22
2019-10-07,27
2019-10-08,23
2019-10-09,43
2019-10-10,15
2019-10-11,8
2019-10-12,32
2019-10-13,25
2019-10-14,26
2019-10-15,48
2019-10-16,38
2019-10-17,12
2019-10-18,34
2019-10-19,23
2019-10-20,22
2019-10-21,34
2019-10-22,25
2019-10-23,27
2019-10-24,20
2019-10-25,14
2019-10-26,26
2019-10-27,19
2019-10-28,24
2019-10-29,43
2019-10-30,21
2019-10-31,21
2019-11-01,22
2019-11-02,21
2019-11-03,19
2019-11-04,19
2019-11-05,41
2019-11-06,18
2019-11-07,23
2019-11-08,51
2019-11-09,31
2019-11-10,36
2019-11-11,55
2019-11-12,40
2019-11-13,39
2019-11-14,33
2019-11-15,48
2019-11-16,25
2019-11-17,36
2019-11-18,31
2019-11-19,24
2019-11-20,42
2019-11-21,48
2019-11-22,48
2019-11-23,57
2019-11-24,48
2019-11-25,44
2019-11-26,36
2019-11-27,40
2019-11-28,33
2019-11-29,49
2019-11-30,10
2019-12-01,15
2019-12-02,28
2019-12-03,35
2019-12-04,24
2019-12-05,20
2019-12-06,0
2019-12-07,0
2019-12-08,25
2019-12-09,32
2019-12-10,28
2019-12-11,30
2019-12-12,12
2019-12-13,29
2019-12-14,17
2019-12-15,17
2019-12-16,18
2019-12-17,25
2019-12-18,39
2019-12-19,25
2019-12-20,29
2019-12-21,22
2019-12-22,40
2019-12-23,45
2019-12-24,20
2019-12-25,9
2019-12-26,39
2019-12-27,33
2019-12-28,16
2019-12-29,27
2019-12-30,40
2019-12-31,17
2020-01-01,8
2020-01-02,0
2020-01-03,24
2020-01-04,31
2020-01-05,25
2020-01-06,19
2020-01-07,14
2020-01-08,49
2020-01-09,23
2020-01-10,32
2020-01-11,30
2020-01-12,27
2020-01-13,31
2020-01-14,35
2020-01-15,38
2020-01-16,52
2020-01-17,31
2020-01-18,30
2020-01-19,21
2020-01-20,21
2020-01-21,27
2020-01-22,27
2020-01-23,24
2020-01-24,24
2020-01-25,8
2020-01-26,22
2020-01-27,9
2020-01-28,19
2020-01-29,24
2020-01-30,26
2020-01-31,25
2020-02-01,23
2020-02-02,17
2020-02-03,18
2020-02-04,27
2020-02-05,15
2020-02-06,15
2020-02-07,22
2020-02-08,21
2020-02-09,30
2020-02-10,13
2020-02-11,52
2020-02-12,74
2020-02-13,42
2020-02-14,37
2020-02-15,33
2020-02-16,36
2020-02-17,46
2020-02-18,25
2020-02-19,40
2020-02-20,54
2020-02-21,54
2020-02-22,34
2020-02-23,39
2020-02-24,27
2020-02-25,17
2020-02-26,44
2020-02-27,35
2020-02-28,12
2020-02-29,23
2020-03-01,35
2020-03-02,27
2020-03-03,30
2020-03-04,18
2020-03-05,24
2020-03-06,43
2020-03-07,20
2020-03-08,29
2020-03-09,28
2020-03-10,28
2020-03-11,20
2020-03-12,39
2020-03-13,19
2020-03-14,30
2020-03-15,18
2020-03-16,23
2020-03-17,26
2020-03-18,23
2020-03-19,9
2020-03-20,38
2020-03-21,18
2020-03-22,48
2020-03-23,49
2020-03-24,25
2020-03-25,36
2020-03-26,20
2020-03-27,25
2020-03-28,16
2020-03-29,26
2020-03-30,27
2020-03-31,9
2020-04-01,17
2020-04-02,19
2020-04-03,31
2020-04-04,28
2020-04-05,39
2020-04-06,25
2020-04-07,19
2020-04-08,9
2020-04-09,7
2020-04-10,19
2020-04-11,20
2020-04-12,20
2020-04-13,20
2020-04-14,19
2020-04-15,16
2020-04-16,14
2020-04-17,14
2020-04-18,9
2020-04-19,18
2020-04-20,38
2020-04-21,37
2020-04-22,15
2020-04-23,29
2020-04-24,16
2020-04-25,16
2020-04-26,16
2020-04-27,15
2020-04-28,25
2020-04-29,16
2020-04-30,17
2020-05-01,20
2020-05-02,24
2020-05-03,23
2020-05-04,26
2020-05-05,22
2020-05-06,34
2020-05-07,25
2020-05-08,15
2020-05-09,14
2020-05-10,17
2020-05-11,36
2020-05-12,36
2020-05-13,41
2020-05-14,24
2020-05-15,47
2020-05-16,7
2020-05-17,18
2020-05-18,43
2020-05-19,37
2020-05-20,23
2020-05-21,25
2020-05-22,18
2020-05-23,24
2020-05-24,28
2020-05-25,39
2020-05-26,43
2020-05-27,37
2020-05-28,34
2020-05-29,16
2020-05-30,50
2020-05-31,26
2020-06-01,37
2020-06-02,33
2020-06-03,67
2020-06-04,62
2020-06-05,41
2020-06-06,40
2020-06-07,30
2020-06-08,48
2020-06-09,53
2020-06-10,63
2020-06-11,68
2020-06-12,58
2020-06-13,83
2020-06-14,70
2020-06-15,66
2020-06-16,92
2020-06-17,81
2020-06-18,62
2020-06-19,69
2020-06-20,59
2020-06-21,45
2020-06-22,89
2020-06-23,83
2020-06-24,100
2020-06-25,63
2020-06-26,70
2020-06-27,67
2020-06-28,66
2020-06-29,77
2020-06-30,55
2020-07-01,67
2020-07-02,50
2020-07-03,60
2020-07-04,55
2020-07-05,59
2020-07-06,64
2020-07-07,50
2020-07-08,58
2020-07-09,45
2020-07-10,42
2020-07-11,47
2020-07-12,53
2020-07-13,67
2020-07-14,64
2020-07-15,69
2020-07-16,65
2020-07-17,79
2020-07-18,47
2020-07-19,54
2020-07-20,62
2020-07-21,100
2020-07-22,79
2020-07-23,95
2020-07-24,81
2020-07-25,76
2020-07-26,63
2020-07-27,93
2020-07-28,72
2020-07-29,65
2020-07-30,64
2020-07-31,43
2020-08-01,53
2020-08-02,48
2020-08-03,62
2020-08-04,67
2020-08-05,65
2020-08-06,81
2020-08-07,66
2020-08-08,59
2020-08-09,42
2020-08-10,64
2020-08-11,53
2020-08-12,33
2020-08-13,60
2020-08-14,42
2020-08-15,73
2020-08-16,20
2020-08-17,43
2020-08-18,57
2020-08-19,75
2020-08-20,41
2020-08-21,42
2020-08-22,41
2020-08-23,44
2020-08-24,58
2020-08-25,42
2020-08-26,41
2020-08-27,41
2020-08-28,35
2020-08-29,33
2020-08-30,44
2020-08-31,33
2020-09-01,41
2020-09-02,33
2020-09-03,32
2020-09-04,43
2020-09-05,29
2020-09-06,29
2020-09-07,51
2020-09-08,35
2020-09-09,19
2020-09-10,23
2020-09-11,18
2020-09-12,29
2020-09-13,24
2020-09-14,32
2020-09-15,37
2020-09-16,32
2020-09-17,21
2020-09-18,25
2020-09-19,24
2020-09-20,17
2020-09-21,21
2020-09-22,41
2020-09-23,37
2020-09-24,28
2020-09-25,30
2020-09-26,16
2020-09-27,21
2020-09-28,14
2020-09-29,28
2020-09-30,19
2020-10-01,29
2020-10-02,33
2020-10-03,20
2020-10-04,16
2020-10-05,19
2020-10-06,6
2020-10-07,9
2020-10-08,27
2020-10-09,25
2020-10-10,13
2020-10-11,24
2020-10-12,15
2020-10-13,25
2020-10-14,17
2020-10-15,26
2020-10-16,22
2020-10-17,12
2020-10-18,21
2020-10-19,19
2020-10-20,23
2020-10-21,23
2020-10-22,23
2020-10-23,28
2020-10-24,16
2020-10-25,12
2020-10-26,30
2020-10-27,29
2020-10-28,26
2020-10-29,10
2020-10-30,23
2020-10-31,6
2020-11-01,17
2020-11-02,10
2020-11-03,13
2020-11-04,24
2020-11-05,6
2020-11-06,10
2020-11-07,17
2020-11-08,17
2020-11-09,23
2020-11-10,20
2020-11-11,0
2020-11-12,21
2020-11-13,20
2020-11-14,12
2020-11-15,8
2020-11-16,22
2020-11-17,22
2020-11-18,5
2020-11-19,20
2020-11-20,22
2020-11-21,10
2020-11-22,14
2020-11-23,15
2020-11-24,15
2020-11-25,23
2020-11-26,11
2020-11-27,22
2020-11-28,0
2020-11-29,16
2020-11-30,6
2020-12-01,10
2020-12-02,27
2020-12-03,18
2020-12-04,10
2020-12-05,0
2020-12-06,6
2020-12-07,10
2020-12-08,17
2020-12-09,0
2020-12-10,6
2020-12-11,13
2020-12-12,0
2020-12-13,0
2020-12-14,17
2020-12-15,15
2020-12-16,0
2020-12-17,7
2020-12-18,7
2020-12-19,8
2020-12-20,0
2020-12-21,14
2020-12-22,0
2020-12-23,5
2020-12-24,0
2020-12-25,11
2020-12-26,0
2020-12-27,0
2020-12-28,5
2020-12-29,0
2020-12-30,8
2020-12-31,0
2021-01-01,23
2021-01-02,0
2021-01-03,21
2021-01-04,94
2021-01-05,57
2021-01-06,47
2021-01-07,33
2021-01-08,17
2021-01-09,32
2021-01-10,53
2021-01-11,58
2021-01-12,25
2021-01-13,29
2021-01-14,0
2021-01-15,0
2021-01-16,19
2021-01-17,24
2021-01-18,0
2021-01-19,67
2021-01-20,0
2021-01-21,0
2021-01-22,52
2021-01-23,84
2021-01-24,26
2021-01-25,0
2021-01-26,35
2021-01-27,0
2021-01-28,80
2021-01-29,35
2021-01-30,28
2021-01-31,68
2021-02-01,56
2021-02-02,54
2021-02-03,18
2021-02-04,24
2021-02-05,0
2021-02-06,0
2021-02-07,68
2021-02-08,38
2021-02-09,60
2021-02-10,66
2021-02-11,100
2021-02-12,0
2021-02-13,0
2021-02-14,43
2021-02-15,89
2021-02-16,43
2021-02-17,40
2021-02-18,42
2021-02-19,19
2021-02-20,0
2021-02-21,78
2021-02-22,0
2021-02-23,21
2021-02-24,17
2021-02-25,36
2021-02-26,24
2021-02-27,27
2021-02-28,23
2021-03-01,0
2021-03-02,0
2021-03-03,61
2021-03-04,0
2021-03-05,68
2021-03-06,96
2021-03-07,0
2021-03-08,48
2021-03-09,48
2021-03-10,40
2021-03-11,19
2021-03-12,0
2021-03-13,24
2021-03-14,25
2021-03-15,36
2021-03-16,48
2021-03-17,61
2021-03-18,51
2021-03-19,37
2021-03-20,75
2021-03-21,40
2021-03-22,0
2021-03-23,56
2021-03-24,0
2021-03-25,53
2021-03-26,36
2021-03-27,33
2021-03-28,0
2021-03-29,31
2021-03-30,61
2021-03-31,0
2021-04-01,23
2021-04-02,36
2021-04-03,43
2021-04-04,0
2021-04-05,0
2021-04-06,33
2021-04-07,34
2021-04-08,29
2021-04-09,38
2021-04-10,20
2021-04-11,0
2021-04-12,44
2021-04-13,57
2021-04-14,0
2021-04-15,0
2021-04-16,0
2021-04-17,82
2021-04-18,38
2021-04-19,32
2021-04-20,0
2021-04-21,0
2021-04-22,26
2021-04-23,0
2021-04-24,44
2021-04-25,0
2021-04-26,63
2021-04-27,0
2021-04-28,46
2021-04-29,90
2021-04-30,25
2021-05-01,0
2021-05-02,0
2021-05-03,38
2021-05-04,0
2021-05-05,31
2021-05-06,30
2021-05-07,0
2021-05-08,41
2021-05-09,0
2021-05-10,45
2021-05-11,0
2021-05-12,51
2021-05-13,0
2021-05-14,32
2021-05-15,47
2021-05-16,0
2021-05-17,25
2021-05-18,51
2021-05-19,0
2021-05-20,27
2021-05-21,59
2021-05-22,21
2021-05-23,39
2021-05-24,86
2021-05-25,23
2021-05-26,25
2021-05-27,45
2021-05-28,40
2021-05-29,0
2021-05-30,27
2021-05-31,57
2021-06-01,82
2021-06-02,94
2021-06-03,59
2021-06-04,28
2021-06-05,30
2021-06-06,91
2021-06-07,18
2021-06-08,24
2021-06-09,51
2021-06-10,30
2021-06-11,45
2021-06-12,17
2021-06-13,0
2021-06-14,0
2021-06-15,57
2021-06-16,32
2021-06-17,24
2021-06-18,36
2021-06-19,67
2021-06-20,39
2021-06-21,0
2021-06-22,46
2021-06-23,0
2021-06-24,44
2021-06-25,0
2021-06-26,0
2021-06-27,31
2021-06-28,33
2021-06-29,65
2021-06-30,24
2021-07-01,47
2021-07-02,40
2021-07-03,0
2021-07-04,29
2021-07-05,40
2021-07-06,24
2021-07-07,18
2021-07-08,0
2021-07-09,54
2021-07-10,22
2021-07-11,51
2021-07-12,20
2021-07-13,20
2021-07-14,99
2021-07-15,27
2021-07-16,18
2021-07-17,56
2021-07-18,70
2021-07-19,49
2021-07-20,48
2021-07-21,41
2021-07-22,0
2021-07-23,0
2021-07-24,38
2021-07-25,19
2021-07-26,17
2021-07-27,0
2021-07-28,37
2021-07-29,13
2021-07-30,0
2021-07-31,19
2021-08-01,34
2021-08-02,66
2021-08-03,100
2021-08-04,20
2021-08-05,49
2021-08-06,0
2021-08-07,0
2021-08-08,0
2021-08-09,0
2021-08-10,16
2021-08-11,16
2021-08-12,31
2021-08-13,34
2021-08-14,0
2021-08-15,16
2021-08-16,0
2021-08-17,18
2021-08-18,22
2021-08-19,0
2021-08-20,64
2021-08-21,27
2021-08-22,25
2021-08-23,27
2021-08-24,0
2021-08-25,22
2021-08-26,14
2021-08-27,0
2021-08-28,0
2021-08-29,0
2021-08-30,68
2021-08-31,38
2021-09-01,0
2021-09-02,36
2021-09-03,19
2021-09-04,0
2021-09-05,44
2021-09-06,87
2021-09-07,0
2021-09-08,54
2021-09-09,34
2021-09-10,33
2021-09-11,46
2021-09-12,56
2021-09-13,31
2021-09-14,39
2021-09-15,0
2021-09-16,32
2021-09-17,51
2021-09-18,22
2021-09-19,51
2021-09-20,0
2021-09-21,66
2021-09-22,59
2021-09-23,0
2021-09-24,0
2021-09-25,40
2021-09-26,31
2021-09-27,18
2021-09-28,37
2021-09-29,26
2021-09-30,46
2021-10-01,55
2021-10-02,48
2021-10-03,0
2021-10-04,46
2021-10-05,62
2021-10-06,44
2021-10-07,48
2021-10-08,62
2021-10-09,47
2021-10-10,0
2021-10-11,25
2021-10-12,32
2021-10-13,23
2021-10-14,21
2021-10-15,43
2021-10-16,0
2021-10-17,36
2021-10-18,26
2021-10-19,25
2021-10-20,23
2021-10-21,39
2021-10-22,36
2021-10-23,28
2021-10-24,35
2021-10-25,25
2021-10-26,44
2021-10-27,0
2021-10-28,18
2021-10-29,16
2021-10-30,67
2021-10-31,43
2021-11-01,0
2021-11-02,0
2021-11-03,44
2021-11-04,42
2021-11-05,17
2021-11-06,0
2021-11-07,0
2021-11-08,17
2021-11-09,0
2021-11-10,68
2021-11-11,32
2021-11-12,52
2021-11-13,28
2021-11-14,0
2021-11-15,0
2021-11-16,0
2021-11-17,0
2021-11-18,33
2021-11-19,17
2021-11-20,0
2021-11-21,59
2021-11-22,0
2021-11-23,15
2021-11-24,28
2021-11-25,24
2021-11-26,0
2021-11-27,0
2021-11-28,38
2021-11-29,0
2021-11-30,21
2021-12-01,28
2021-12-02,37
2021-12-03,60
2021-12-04,0
2021-12-05,0
2021-12-06,16
2021-12-07,0
2021-12-08,45
2021-12-09,50
2021-12-10,45
2021-12-11,0
2021-12-12,0
2021-12-13,0
2021-12-14,20
2021-12-15,0
2021-12-16,32
2021-12-17,40
2021-12-18,27
2021-12-19,0
2021-12-20,0
2021-12-21,61
2021-12-22,0
2021-12-23,16
2021-12-24,0
2021-12-25,0
2021-12-26,19
2021-12-27,0
2021-12-28,0
2021-12-29,16
2021-12-30,35
2021-12-31,0
2022-01-01,12
2022-01-02,0
2022-01-03,12
2022-01-04,0
2022-01-05,15
2022-01-06,21
2022-01-07,14
2022-01-08,0
2022-01-09,0
2022-01-10,26
2022-01-11,11
2022-01-12,0
2022-01-13,37
2022-01-14,0
2022-01-15,0
2022-01-16,15
2022-01-17,8
2022-01-18,11
2022-01-19,0
2022-01-20,0
2022-01-21,27
2022-01-22,0
2022-01-23,0
2022-01-24,0
2022-01-25,0
2022-01-26,7
2022-01-27,20
2022-01-28,15
2022-01-29,24
2022-01-30,11
2022-01-31,29
2022-02-01,12
2022-02-02,20
2022-02-03,12
2022-02-04,29
2022-02-05,9
2022-02-06,18
2022-02-07,24
2022-02-08,16
2022-02-09,0
2022-02-10,27
2022-02-11,13
2022-02-12,7
2022-02-13,0
2022-02-14,17
2022-02-15,7
2022-02-16,0
2022-02-17,15
2022-02-18,30
2022-02-19,14
2022-02-20,0
2022-02-21,22
2022-02-22,0
2022-02-23,18
2022-02-24,9
2022-02-25,0
2022-02-26,13
2022-02-27,18
2022-02-28,16
2022-03-01,28
2022-03-02,13
2022-03-03,11
2022-03-04,0
2022-03-05,15
2022-03-06,18
2022-03-07,0
2022-03-08,0
2022-03-09,12
2022-03-10,46
2022-03-11,22
2022-03-12,14
2022-03-13,34
2022-03-14,24
2022-03-15,7
2022-03-16,20
2022-03-17,9
2022-03-18,7
2022-03-19,29
2022-03-20,15
2022-03-21,10
2022-03-22,25
2022-03-23,17
2022-03-24,18
2022-03-25,20
2022-03-26,7
2022-03-27,18
2022-03-28,15
2022-03-29,19
2022-03-30,42
2022-03-31,39
2022-04-01,19
2022-04-02,19
2022-04-03,19
2022-04-04,25
2022-04-05,14
2022-04-06,39
2022-04-07,21
2022-04-08,20
2022-04-09,31
2022-04-10,23
2022-04-11,27
2022-04-12,33
2022-04-13,28
2022-04-14,34
2022-04-15,47
2022-04-16,51
2022-04-17,36
2022-04-18,48
2022-04-19,57
2022-04-20,75
2022-04-21,46
2022-04-22,35
2022-04-23,30
2022-04-24,75
2022-04-25,31
2022-04-26,55
2022-04-27,39
2022-04-28,70
2022-04-29,47
2022-04-30,56
2022-05-01,54
2022-05-02,46
2022-05-03,37
2022-05-04,56
2022-05-05,42
2022-05-06,37
2022-05-07,52
2022-05-08,34
2022-05-09,56
2022-05-10,76
2022-05-11,60
2022-05-12,54
2022-05-13,48
2022-05-14,61
2022-05-15,75
2022-05-16,100
2022-05-17,94
2022-05-18,68
2022-05-19,63
2022-05-20,85
2022-05-21,75
2022-05-22,45
2022-05-23,65
2022-05-24,80
2022-05-25,71
2022-05-26,55
2022-05-27,50
2022-05-28,51
2022-05-29,68
2022-05-30,68
2022-05-31,62
2022-06-01,65
2022-06-02,64
2022-06-03,86
2022-06-04,79
2022-06-05,62
2022-06-06,93
2022-06-07,76
2022-06-08,82
2022-06-09,84
2022-06-10,71
2022-06-11,70
2022-06-12,62
2022-06-13,76
2022-06-14,53
2022-06-15,84
2022-06-16,75
2022-06-17,85
2022-06-18,59
2022-06-19,84
2022-06-20,86
2022-06-21,67
2022-06-22,68
2022-06-23,59
2022-06-24,68
2022-06-25,63
2022-06-26,54
2022-06-27,72
2022-06-28,85
2022-06-29,61
2022-06-30,82
2022-07-01,70
2022-07-02,73
2022-07-03,59
2022-07-04,92
2022-07-05,84
2022-07-06,100
2022-07-07,62
2022-07-08,71
2022-07-09,70
2022-07-10,67
2022-07-11,77
2022-07-12,61
2022-07-13,77
2022-07-14,47
2022-07-15,40
2022-07-16,95
2022-07-17,50
2022-07-18,80
2022-07-19,54
2022-07-20,43
2022-07-21,81
2022-07-22,24
2022-07-23,82
2022-07-24,68
2022-07-25,64
2022-07-26,39
2022-07-27,67
2022-07-28,89
2022-07-29,62
2022-07-30,55
2022-07-31,56
2022-08-01,33
2022-08-02,38
2022-08-03,54
2022-08-04,96
2022-08-05,57
2022-08-06,58
2022-08-07,51
2022-08-08,65
2022-08-09,0
2022-08-10,39
2022-08-11,58
2022-08-12,23
2022-08-13,37
2022-08-14,69
2022-08-15,50
2022-08-16,49
2022-08-17,61
2022-08-18,34
2022-08-19,30
2022-08-20,43
2022-08-21,49
2022-08-22,43
2022-08-23,40
2022-08-24,36
2022-08-25,39
2022-08-26,46
2022-08-27,26
2022-08-28,37
2022-08-29,38
2022-08-30,48
2022-08-31,58
2022-09-01,44
2022-09-02,73
2022-09-03,22
2022-09-04,16
2022-09-05,43
2022-09-06,55
2022-09-07,40
2022-09-08,36
2022-09-09,28
2022-09-10,46
2022-09-11,28
2022-09-12,42
2022-09-13,48
2022-09-14,24
2022-09-15,29
2022-09-16,44
2022-09-17,49
2022-09-18,27
2022-09-19,69
2022-09-20,28
2022-09-21,43
2022-09-22,21
2022-09-23,54
2022-09-24,32
2022-09-25,33
2022-09-26,35
2022-09-27,42
2022-09-28,41
2022-09-29,26
2022-09-30,38
2022-10-01,29
2022-10-02,30
2022-10-03,29
2022-10-04,34
2022-10-05,25
2022-10-06,19
2022-10-07,11
2022-10-08,34
2022-10-09,19
2022-10-10,53
2022-10-11,49
2022-10-12,59
2022-10-13,40
2022-10-14,36
2022-10-15,21
2022-10-16,22
2022-10-17,43
2022-10-18,24
2022-10-19,37
2022-10-20,42
2022-10-21,28
2022-10-22,21
2022-10-23,27
2022-10-24,13
2022-10-25,0
2022-10-26,33
2022-10-27,40
2022-10-28,39
2022-10-29,43
2022-10-30,21
2022-10-31,17
2022-11-01,20
2022-11-02,22
2022-11-03,34
2022-11-04,28
2022-11-05,22
2022-11-06,36
2022-11-07,34
2022-11-08,11
2022-11-09,19
2022-11-10,29
2022-11-11,18
2022-11-12,9
2022-11-13,38
2022-11-14,22
2022-11-15,0
2022-11-16,19
2022-11-17,19
2022-11-18,27
2022-11-19,25
2022-11-20,13
2022-11-21,27
2022-11-22,32
2022-11-23,33
2022-11-24,27
2022-11-25,21
2022-11-26,22
2022-11-27,18
