n_of_cases,st_add,lat,long,cluster_n,rec_cases_in_cluster,total_cases,date,month_num
1,pasir ris street 71 (block 747),1.379194,103.934693,1,1,2,170320,3
1,pasir ris street 72 (whitewater),1.380042,103.935474,1,1,2,170320,3
1,bedok north street 3 (block 533),1.333639,103.924036,1,5,6,170403,4
3,bedok north street 3 (block 534),1.3331379,103.9246468,1,5,6,170403,4
2,bedok north street 3 (block 556),1.3326072,103.9226175,1,5,6,170403,4
2,cedarwood grove,1.4282406,103.7785198,2,3,4,170403,4
1,woodlands avenue 1 (block 331),1.42946,103.778521,2,3,4,170403,4
1,woodlands street 32 (block 328),1.4300485,103.7795029,2,3,4,170403,4
1,bedok north street 3 (block 530),1.3338021,103.9269348,1,3,8,170410,4
1,bedok north street 3 (block 533),1.333639,103.924036,1,3,8,170410,4
4,bedok north street 3 (block 534),1.3331379,103.9246468,1,3,8,170410,4
2,bedok north street 3 (block 556),1.3326072,103.9226175,1,3,8,170410,4
2,cedarwood grove,1.4282406,103.7785198,2,1,5,170410,4
1,woodlands avenue 1 (block 331),1.42946,103.778521,2,1,5,170410,4
1,woodlands street 32 (block 328),1.4300485,103.7795029,2,1,5,170410,4
1,woodlands street 32 (block 329),1.430413,103.778818,2,1,5,170410,4
2,amber gardens (one amber),1.301403,103.898181,3,1,2,170410,4
1,tampines street 33 (block 341),1.351207,103.961011,4,2,2,170410,4
1,tampines street 33 (block 343),1.351945,103.961193,4,2,2,170410,4
1,yishun street 11 (block 150),1.4308674,103.8337198,5,1,2,170410,4
1,yishun street 72 (block 745),1.429351,103.83332,5,1,2,170410,4
2,bedok north street 3 (block 530),1.3338021,103.9269348,1,2,9,170417,4
1,bedok north street 3 (block 533),1.333639,103.924036,1,2,9,170417,4
4,bedok north street 3 (block 534),1.3331379,103.9246468,1,2,9,170417,4
2,bedok north street 3 (block 556),1.3326072,103.9226175,1,2,9,170417,4
1,balam road (block 31),1.3297418,103.8858016,2,1,2,170417,4
1,circuit road (block 37),1.3283032,103.8870762,2,1,2,170417,4
1,bedok north avenue 2 (block 408),1.3286033,103.9326509,3,1,2,170417,4
1,bedok north avenue 2 (block 411),1.328376,103.9315353,3,1,2,170417,4
2,stirling road (block 45),1.2974886,103.8030384,4,1,2,170417,4
2,woodlands avenue 1 (block 331),1.42946,103.778521,5,2,2,170417,4
2,bedok north street 3 (block 530),1.3338021,103.9269348,1,1,9,170424,4
1,bedok north street 3 (block 533),1.333639,103.924036,1,1,9,170424,4
4,bedok north street 3 (block 534),1.3331379,103.9246468,1,1,9,170424,4
2,bedok north street 3 (block 556),1.3326072,103.9226175,1,1,9,170424,4
1,ang mo kio avenue 10 (block 553),1.3724909,103.857264,2,4,4,170424,4
1,ang mo kio avenue 10 (block 556),1.3720459,103.8577221,2,4,4,170424,4
1,ang mo kio avenue 10 (block 557),1.3716063,103.8577221,2,4,4,170424,4
1,ang mo kio avenue 10 (block 560),1.3707919,103.8591716,2,4,4,170424,4
3,woodlands avenue 1 (block 331),1.42946,103.778521,3,2,3,170424,4
1,yishun street 11 (block 133),1.432608,103.830682,4,1,2,170424,4
1,yishun street 11 (block 135),1.4323189,103.83174,4,1,2,170424,4
1,ang mo kio avenue 3 (block 565),1.3695507,103.8584469,1,1,5,170502,5
1,ang mo kio avenue 10 (block 553),1.3724909,103.857264,1,1,5,170502,5
1,ang mo kio avenue 10 (block 556),1.3720459,103.8577221,1,1,5,170502,5
1,ang mo kio avenue 10 (block 557),1.3716063,103.8577221,1,1,5,170502,5
1,ang mo kio avenue 10 (block 560),1.3707919,103.8591716,1,1,5,170502,5
3,woodlands avenue 1 (block 331),1.42946,103.778521,2,1,3,170502,5
1,woodlands drive 50 (block 897a),1.436478,103.7940791,3,2,2,170502,5
1,woodlands drive 50 (block 899a),1.435798,103.794948,3,2,2,170502,5
1,choa chu kang north 6 (block 791),1.3954446,103.7500061,1,1,3,170508,5
2,choa chu kang north 6 (yew mei green),1.394831,103.751721,1,1,3,170508,5
1,ang mo kio avenue 10 (block 544),1.373805,103.85637,1,2,3,170515,5
1,ang mo kio avenue 10 (block 552),1.3723276,103.8567445,1,2,3,170515,5
1,ang mo kio avenue 10 (block 554),1.372797,103.8577995,1,2,3,170515,5
3,bedok north street 3 (block 530),1.3338021,103.9269348,2,2,3,170515,5
1,chai chee street (block 43),1.3283802,103.9255,3,2,3,170515,5
2,chai chee street (block 45),1.3288058,103.9243769,3,2,3,170515,5
2,kang ching road (block 339d),1.3389521,103.7222402,4,2,2,170515,5
1,lorong 4 toa payoh (block 60),1.33647,103.850664,5,2,2,170515,5
1,lorong 4 toa payoh (block 80a),1.335346,103.849147,5,2,2,170515,5
1,chai chee street (block 43),1.3283802,103.9255,1,3,7,170522,5
6,chai chee street (block 45),1.3288058,103.9243769,1,3,7,170522,5
3,choa chu kang north 6 (yew mei green),1.394831,103.751721,2,2,3,170522,5
1,bukit batok central link (the jade),1.348958,103.748761,3,1,2,170522,5
1,bukit batok street 21 (block 203),1.3476972,103.7492367,3,1,2,170522,5
2,kang ching road (block 339d),1.3389521,103.7222402,4,1,2,170522,5
1,lorong 4 toa payoh (block 60),1.33647,103.850664,5,1,2,170522,5
1,lorong 4 toa payoh (block 80a),1.335346,103.849147,5,1,2,170522,5
1,marsiling crescent (block 213),1.4466991,103.7738529,6,2,2,170522,5
1,marsiling lane (block 215),1.447721,103.7719474,6,2,2,170522,5
2,teban gardens road (block 35),1.3196158,103.7424479,7,2,2,170522,5
1,chai chee road (block 808c),1.327065,103.9238549,1,8,11,170529,5
1,chai chee street (block 43),1.3283802,103.9255,1,8,11,170529,5
9,chai chee street (block 45),1.3288058,103.9243769,1,8,11,170529,5
4,choa chu kang north 6 (yew mei green),1.394831,103.751721,2,1,4,170529,5
1,teban gardens road (block 33),1.320352,103.7417238,3,2,4,170529,5
2,teban gardens road (block 35),1.3196158,103.7424479,3,2,4,170529,5
1,teban gardens road (block 40),1.3213753,103.7419953,3,2,4,170529,5
2,nassim road,1.3116497,103.8218951,4,1,2,170529,5
1,woodlands drive 14 (block 512),1.4345675,103.7887906,5,1,2,170529,5
1,woodlands drive 14 (block 515),1.4349314,103.7903092,5,1,2,170529,5
1,yishun street 71 (block 727),1.4262746,103.830956,6,1,2,170529,5
1,yishun street 71 (block 728),1.425847,103.830651,6,1,2,170529,5
1,chai chee road (block 808c),1.327065,103.9238549,1,3,14,170605,6
1,chai chee street (block 43),1.3283802,103.9255,1,3,14,170605,6
12,chai chee street (block 45),1.3288058,103.9243769,1,3,14,170605,6
1,teban gardens road (block 31),1.3203421,103.7389185,2,10,14,170605,6
2,teban gardens road (block 33),1.320352,103.7417238,2,10,14,170605,6
2,teban gardens road (block 34),1.319894,103.7417917,2,10,14,170605,6
3,teban gardens road (block 35),1.3196158,103.7424479,2,10,14,170605,6
4,teban gardens road (block 36),1.3199803,103.7427194,2,10,14,170605,6
1,teban gardens road (block 40),1.3213753,103.7419953,2,10,14,170605,6
1,teban gardens road (block 46),1.320203,103.7404812,2,10,14,170605,6
4,choa chu kang north 6 (yew mei green),1.394831,103.751721,3,3,4,170605,6
2,kang ching road (block 333),1.3395137,103.7232828,4,4,4,170605,6
1,kang ching road (block 339c),1.3385746,103.7217404,4,4,4,170605,6
1,kang ching road (block 339d),1.3389521,103.7222402,4,4,4,170605,6
1,tampines street 21 (block 262),1.353784,103.950901,5,2,2,170605,6
1,tampines street 21 (block 265),1.3523923,103.950152,5,2,2,170605,6
2,wallich street,1.2769466,103.8462688,6,1,2,170605,6
1,woodlands street 31 (block 311),1.4304654,103.7761235,7,1,2,170605,6
1,woodlands street 31 (block 314),1.4311395,103.7759935,7,1,2,170605,6
1,yishun street 71 (block 727),1.4262746,103.830956,8,1,2,170605,6
1,yishun street 71 (block 728),1.425847,103.830651,8,1,2,170605,6
1,teban gardens road (block 31),1.3203421,103.7389185,1,7,18,170612,6
2,teban gardens road (block 33),1.320352,103.7417238,1,7,18,170612,6
1,teban gardens road (block 34),1.319894,103.7417917,1,7,18,170612,6
4,teban gardens road (block 35),1.3196158,103.7424479,1,7,18,170612,6
7,teban gardens road (block 36),1.3199803,103.7427194,1,7,18,170612,6
1,teban gardens road (block 40),1.3213753,103.7419953,1,7,18,170612,6
1,teban gardens road (block 44),1.3208104,103.7415654,1,7,18,170612,6
1,teban gardens road (block 46),1.320203,103.7404812,1,7,18,170612,6
5,choa chu kang north 6 (yew mei green),1.394831,103.751721,2,2,5,170612,6
2,kang ching road (block 333),1.3395137,103.7232828,3,3,5,170612,6
1,kang ching road (block 335),1.3391483,103.7231471,3,3,5,170612,6
1,kang ching road (block 339c),1.3385746,103.7217404,3,3,5,170612,6
1,kang ching road (block 339d),1.3389521,103.7222402,3,3,5,170612,6
1,desker road,1.3089894,103.8553812,4,1,2,170612,6
1,veerasamy road (block 637),1.3069731,103.8556308,4,1,2,170612,6
1,hougang avenue 8 (block 504),1.3734902,103.8880178,5,1,2,170612,6
1,hougang avenue 10 (block 516),1.3727185,103.8890361,5,1,2,170612,6
2,lorong 4 toa payoh (block 62b),1.3358844,103.851293,6,1,2,170612,6
1,lorong 4 toa payoh (block 82b),1.335593,103.848742,7,1,2,170612,6
1,lorong 4 toa payoh (block 85),1.3363581,103.8484195,7,1,2,170612,6
2,zehnder road,1.2833222,103.7860358,8,1,2,170612,6
8,bayshore road (bayshore park),1.311532,103.93723,1,7,8,170619,6
6,choa chu kang north 6 (yew mei green),1.394831,103.751721,2,2,7,170619,6
1,choa chu kang street 54 (block 769),1.394214,103.750451,2,2,7,170619,6
2,kang ching road (block 333),1.3395137,103.7232828,3,2,7,170619,6
1,kang ching road (block 335),1.3391483,103.7231471,3,2,7,170619,6
2,kang ching road (block 339c),1.3385746,103.7217404,3,2,7,170619,6
1,kang ching road (block 339d),1.3389521,103.7222402,3,2,7,170619,6
1,kang ching road (block 346),1.340296,103.720809,3,2,7,170619,6
2,hougang avenue 8 (block 504),1.3734902,103.8880178,4,3,4,170619,6
1,hougang avenue 10 (block 516),1.3727185,103.8890361,4,3,4,170619,6
1,hougang avenue 10 (block 517),1.3728096,103.8896142,4,3,4,170619,6
4,mount vernon road (bartley ridge),1.3409113,103.8811344,5,3,4,170619,6
1,tampines street 42 (block 444),1.3583112,103.9513355,6,1,2,170619,6
1,tampines street 43 (block 436),1.3596274,103.9516074,6,1,2,170619,6
10,bayshore road (bayshore park),1.311532,103.93723,1,4,13,170628,6
1,jalan pokok serunai,1.3144502,103.9363562,1,4,13,170628,6
1,upper east coast road (breeze by the east),1.313728,103.937804,1,4,13,170628,6
1,upper east coast road (the tropic gardens),1.3139071,103.9380875,1,4,13,170628,6
2,kang ching road (block 333),1.3395137,103.7232828,2,4,9,170628,6
1,kang ching road (block 335),1.3391483,103.7231471,2,4,9,170628,6
1,kang ching road (block 338b),1.3382623,103.7219443,2,4,9,170628,6
3,kang ching road (block 339c),1.3385746,103.7217404,2,4,9,170628,6
1,kang ching road (block 339d),1.3389521,103.7222402,2,4,9,170628,6
1,kang ching road (block 346),1.340296,103.720809,2,4,9,170628,6
7,choa chu kang north 6 (yew mei green),1.394831,103.751721,3,2,8,170628,6
1,choa chu kang street 54 (block 769),1.394214,103.750451,3,2,8,170628,6
1,hougang avenue 8,1.3747669,103.8883308,4,4,8,170628,6
2,hougang avenue 8 (block 503),1.3736341,103.8875986,4,4,8,170628,6
2,hougang avenue 8 (block 504),1.3734902,103.8880178,4,4,8,170628,6
2,hougang avenue 10 (block 516),1.3727185,103.8890361,4,4,8,170628,6
1,hougang avenue 10 (block 517),1.3728096,103.8896142,4,4,8,170628,6
1,woodgrove view,1.4279585,103.7757481,5,2,4,170628,6
1,woodlands street 41 (block 419),1.4285115,103.774607,5,2,4,170628,6
1,woodlands street 41 (block 425),1.4271033,103.7738601,5,2,4,170628,6
1,woodlands street 41 (block 426),1.4273268,103.7733169,5,2,4,170628,6
2,lorong how sun (bartley residences),1.3432575,103.8814318,6,3,3,170628,6
1,quemoy road,1.3446603,103.8814145,6,3,3,170628,6
1,tah ching road (block 322),1.3369975,103.7246177,7,3,3,170628,6
2,yuan ching road (lakeside tower),1.337306,103.7255015,7,3,3,170628,6
1,brighton crescent,1.3621659,103.870411,8,2,2,170628,6
1,chuan garden,1.3630476,103.8683186,8,2,2,170628,6
1,dakota cresent (block 58),1.3073722,103.8895235,9,1,2,170628,6
1,old airport road (block 99),1.308567,103.887961,9,1,2,170628,6
1,jurong west street 42 (block 452),1.3516163,103.7183222,10,2,2,170628,6
1,jurong west street 42 (block 553),1.3532181,103.7190328,10,2,2,170628,6
1,lorong 4 toa payoh (block 82a),1.335969,103.848814,11,2,2,170628,6
1,lorong 4 toa payoh (block 82b),1.335593,103.848742,11,2,2,170628,6
1,tampines street 71 (block 705),1.3572962,103.9371942,12,2,2,170628,6
1,tampines street 71 (block 711),1.3585414,103.9371036,12,2,2,170628,6
11,bayshore road (bayshore park),1.311532,103.93723,1,2,14,170703,7
1,jalan pokok serunai,1.3144502,103.9363562,1,2,14,170703,7
1,upper east coast road (breeze by the east),1.313728,103.937804,1,2,14,170703,7
1,upper east coast road (the tropic gardens),1.3139071,103.9380875,1,2,14,170703,7
7,choa chu kang north 6 (yew mei green),1.394831,103.751721,2,3,9,170703,7
2,choa chu kang street 54 (block 769),1.394214,103.750451,2,3,9,170703,7
2,kang ching road (block 333),1.3395137,103.7232828,3,2,9,170703,7
1,kang ching road (block 335),1.3391483,103.7231471,3,2,9,170703,7
1,kang ching road (block 338b),1.3382623,103.7219443,3,2,9,170703,7
3,kang ching road (block 339c),1.3385746,103.7217404,3,2,9,170703,7
1,kang ching road (block 339d),1.3389521,103.7222402,3,2,9,170703,7
1,kang ching road (block 346),1.340296,103.720809,3,2,9,170703,7
1,woodgrove view,1.4279585,103.7757481,4,3,5,170703,7
1,woodlands street 41 (block 419),1.4285115,103.774607,4,3,5,170703,7
1,woodlands street 41 (block 425),1.4271033,103.7738601,4,3,5,170703,7
2,woodlands street 41 (block 426),1.4273268,103.7733169,4,3,5,170703,7
2,lorong how sun (bartley residences),1.3432575,103.8814318,5,2,3,170703,7
1,quemoy road,1.3446603,103.8814145,5,2,3,170703,7
3,mount vernon road (bartley ridge),1.3409113,103.8811344,6,1,3,170703,7
1,tah ching road (block 322),1.3369975,103.7246177,7,2,3,170703,7
2,yuan ching road (lakeside tower),1.337306,103.7255015,7,2,3,170703,7
1,bedok reservoir road (block 103),1.328835,103.9091399,8,1,2,170703,7
1,bedok reservoir road (block 110),1.330146,103.910393,8,1,2,170703,7
1,brighton crescent,1.3621659,103.870411,9,2,2,170703,7
1,chuan garden,1.3630476,103.8683186,9,2,2,170703,7
1,bukit merah view (block 116),1.2851553,103.8213997,10,2,2,170703,7
1,bukit merah view (block 119),1.283535,103.820854,10,2,2,170703,7
1,ceylon road (leville isuites),1.305919,103.902587,11,1,2,170703,7
1,onan road (malvern springs),1.305996,103.903835,11,1,2,170703,7
1,dakota cresent (block 58),1.3073722,103.8895235,12,1,2,170703,7
1,old airport road (block 99),1.308567,103.887961,12,1,2,170703,7
1,jurong west street 42 (block 452),1.3516163,103.7183222,13,1,2,170703,7
1,jurong west street 42 (block 553),1.3532181,103.7190328,13,1,2,170703,7
2,kian teck avenue,1.3306239,103.6934654,14,2,2,170703,7
1,leicester road (one leicester),1.3297705,103.8676521,15,2,2,170703,7
1,meyappa chettiar road (apartment 8),1.3308379,103.8672346,15,2,2,170703,7
13,bayshore road (bayshore park),1.311532,103.93723,1,4,18,170710,7
2,bayshore road (costa del sol),1.311579,103.939123,1,4,18,170710,7
1,jalan pokok serunai,1.3144502,103.9363562,1,4,18,170710,7
1,upper east coast road (breeze by the east),1.313728,103.937804,1,4,18,170710,7
1,upper east coast road (the tropic gardens),1.3139071,103.9380875,1,4,18,170710,7
8,choa chu kang north 6 (yew mei green),1.394831,103.751721,2,1,11,170710,7
3,choa chu kang street 54 (block 769),1.394214,103.750451,2,1,11,170710,7
1,woodgrove view,1.4279585,103.7757481,3,1,6,170710,7
1,woodlands avenue 1 (block 307),1.4294363,103.7763951,3,1,6,170710,7
1,woodlands street 41 (block 419),1.4285115,103.774607,3,1,6,170710,7
1,woodlands street 41 (block 425),1.4271033,103.7738601,3,1,6,170710,7
2,woodlands street 41 (block 426),1.4273268,103.7733169,3,1,6,170710,7
3,pasir panjang road,1.2808603,103.7849579,4,2,3,170710,7
1,pasir ris street 53 (block 577),1.373215,103.947266,5,1,3,170710,7
1,pasir ris street 53 (block 581),1.3749804,103.9465083,5,1,3,170710,7
1,pasir ris street 53 (block 585),1.3756158,103.9474374,5,1,3,170710,7
1,woodlands street 81 (block 827),1.4399441,103.7891539,6,2,3,170710,7
2,woodlands street 83 (block 832),1.4397271,103.7907709,6,2,3,170710,7
2,chuan view,1.3618889,103.8668651,7,1,2,170710,7
1,simei street 1 (block 101),1.34101,103.95148,8,2,2,170710,7
1,simei street 3,1.3416431,103.9528772,8,2,2,170710,7
13,bayshore road (bayshore park),1.311532,103.93723,1,6,24,170717,7
5,bayshore road (costa del sol),1.311579,103.939123,1,6,24,170717,7
3,bayshore road (the bayshore),1.31245,103.938021,1,6,24,170717,7
1,jalan pokok serunai,1.3144502,103.9363562,1,6,24,170717,7
1,upper east coast road (breeze by the east),1.313728,103.937804,1,6,24,170717,7
1,upper east coast road (the tropic gardens),1.3139071,103.9380875,1,6,24,170717,7
1,hougang avenue 8 (block 624),1.370293,103.882176,2,6,6,170717,7
1,hougang avenue 8 (block 626),1.3698301,103.8818106,2,6,6,170717,7
4,hougang avenue 8 (block 678),1.3709116,103.8840502,2,6,6,170717,7
4,pasir panjang road,1.2808603,103.7849579,3,2,4,170717,7
1,bedok reservoir road (block 642),1.331306,103.905512,4,1,2,170717,7
1,jalan tenaga (block 649),1.332623,103.906205,4,1,2,170717,7
2,jurong east avenue 1 (parc oasis),1.3435839,103.7339434,5,1,2,170717,7
2,jurong west street 42 (block 452),1.3516163,103.7183222,6,1,2,170717,7
15,bayshore road (bayshore park),1.311532,103.93723,1,3,27,170724,7
5,bayshore road (costa del sol),1.311579,103.939123,1,3,27,170724,7
4,bayshore road (the bayshore),1.31245,103.938021,1,3,27,170724,7
1,jalan pokok serunai,1.3144502,103.9363562,1,3,27,170724,7
1,upper east coast road (breeze by the east),1.313728,103.937804,1,3,27,170724,7
1,upper east coast road (the tropic gardens),1.3139071,103.9380875,1,3,27,170724,7
1,hougang avenue 8 (block 624),1.370293,103.882176,2,2,6,170724,7
1,hougang avenue 8 (block 626),1.3698301,103.8818106,2,2,6,170724,7
4,hougang avenue 8 (block 678),1.3709116,103.8840502,2,2,6,170724,7
1,hougang avenue 8 (block 506),1.3728322,103.8875854,3,2,3,170724,7
1,hougang avenue 8 (block 507),1.3725038,103.8873743,3,2,3,170724,7
1,hougang avenue 10 (block 514),1.3721518,103.8892256,3,2,3,170724,7
1,bukit batok east avenue 4 (block 257),1.35118,103.757817,4,2,2,170724,7
1,bukit batok east avenue 5 (block 250),1.3510145,103.7569391,4,2,2,170724,7
1,choa chu kang central (block 206),1.380719,103.748232,5,2,2,170724,7
1,teck whye lane (block 123),1.3792803,103.7494177,5,2,2,170724,7
1,hougang avenue 2 (block 703),1.3655591,103.8894329,6,2,2,170724,7
1,hougang avenue 2 (block 710),1.3666698,103.8880462,6,2,2,170724,7
1,woodlands drive 14 (block 511),1.4336254,103.7884995,7,1,2,170724,7
1,woodlands drive 14 (block 512),1.4345675,103.7887906,7,1,2,170724,7
15,bayshore road (bayshore park),1.311532,103.93723,1,1,28,170731,7
5,bayshore road (costa del sol),1.311579,103.939123,1,1,28,170731,7
5,bayshore road (the bayshore),1.31245,103.938021,1,1,28,170731,7
1,jalan pokok serunai,1.3144502,103.9363562,1,1,28,170731,7
1,upper east coast road (breeze by the east),1.313728,103.937804,1,1,28,170731,7
1,upper east coast road (the tropic gardens),1.3139071,103.9380875,1,1,28,170731,7
4,serangoon garden drive,1.3644705,103.8604504,2,4,4,170731,7
1,hougang avenue 8 (block 506),1.3728322,103.8875854,3,1,3,170731,7
1,hougang avenue 8 (block 507),1.3725038,103.8873743,3,1,3,170731,7
1,hougang avenue 10 (block 514),1.3721518,103.8892256,3,1,3,170731,7
3,serangoon central drive (block 257),1.355122,103.871894,4,3,3,170731,7
2,ang mo kio avenue 10 (block 578),1.3718197,103.8549348,5,2,2,170731,7
1,edgedale plains (block 126c),1.393997,103.9106879,6,1,2,170731,7
1,edgedale plains (block 126d),1.393712,103.911087,6,1,2,170731,7
1,havelock road (havest mansions),1.2896672,103.8319055,7,2,2,170731,7
1,indus road (emerald park),1.2896193,103.8300787,7,2,2,170731,7
1,hougang avenue 2 (block 703),1.3655591,103.8894329,8,1,2,170731,7
1,hougang avenue 2 (block 710),1.3666698,103.8880462,8,1,2,170731,7
2,berwick drive,1.3637502,103.8608487,1,9,14,170810,8
1,bloxhome drive,1.3622839,103.8627547,1,9,14,170810,8
1,bodmin drive,1.3619272,103.8623522,1,9,14,170810,8
1,borthwick drive,1.3614257,103.8620315,1,9,14,170810,8
1,serangoon garden close,1.363684,103.860115,1,9,14,170810,8
4,serangoon garden drive,1.3644705,103.8604504,1,9,14,170810,8
2,serangoon garden place,1.3639624,103.8602086,1,9,14,170810,8
2,serangoon garden rise,1.3649753,103.8606604,1,9,14,170810,8
1,hougang avenue 8 (block 501),1.3722463,103.8867728,2,3,6,170810,8
1,hougang avenue 8 (block 503),1.3736341,103.8875986,2,3,6,170810,8
1,hougang avenue 8 (block 506),1.3728322,103.8875854,2,3,6,170810,8
1,hougang avenue 8 (block 507),1.3725038,103.8873743,2,3,6,170810,8
1,hougang avenue 10 (block 512),1.3714017,103.8888054,2,3,6,170810,8
1,hougang avenue 10 (block 514),1.3721518,103.8892256,2,3,6,170810,8
2,cantonment road (block 1g),1.2768133,103.8412907,3,3,3,170810,8
1,tanjong pagar plaza (block 4),1.276057,103.8423628,3,3,3,170810,8
2,woodlands street 31 (block 312),1.430703,103.7755899,4,3,3,170810,8
1,woodlands street 31 (block 316),1.4314935,103.776033,4,3,3,170810,8
2,bayshore road (the bayshore),1.31245,103.938021,5,2,2,170810,8
1,hougang avenue 4 (block 602),1.3711758,103.8869109,6,2,2,170810,8
1,hougang avenue 4 (block 605),1.3709238,103.8864427,6,2,2,170810,8
1,sembawang crescent (skypark residences),1.4438004,103.8198788,7,1,2,170810,8
1,sembawang drive (block 314),1.443817,103.8211843,7,1,2,170810,8
2,berwick drive,1.3637502,103.8608487,1,9,16,170814,8
1,bloxhome drive,1.3622839,103.8627547,1,9,16,170814,8
1,bodmin drive,1.3619272,103.8623522,1,9,16,170814,8
1,borthwick drive,1.3614257,103.8620315,1,9,16,170814,8
1,serangoon garden close,1.363684,103.860115,1,9,16,170814,8
4,serangoon garden drive,1.3644705,103.8604504,1,9,16,170814,8
3,serangoon garden place,1.3639624,103.8602086,1,9,16,170814,8
2,serangoon garden rise,1.3649753,103.8606604,1,9,16,170814,8
1,serangoon garden terrace,1.364118,103.866614,1,9,16,170814,8
1,hougang avenue 8 (block 501),1.3722463,103.8867728,2,1,6,170814,8
1,hougang avenue 8 (block 503),1.3736341,103.8875986,2,1,6,170814,8
1,hougang avenue 8 (block 506),1.3728322,103.8875854,2,1,6,170814,8
1,hougang avenue 8 (block 507),1.3725038,103.8873743,2,1,6,170814,8
1,hougang avenue 10 (block 512),1.3714017,103.8888054,2,1,6,170814,8
1,hougang avenue 10 (block 514),1.3721518,103.8892256,2,1,6,170814,8
5,bayshore road (the bayshore),1.31245,103.938021,3,3,5,170814,8
2,woodlands street 31 (block 312),1.430703,103.7755899,4,2,4,170814,8
2,woodlands street 31 (block 316),1.4314935,103.776033,4,2,4,170814,8
1,hougang avenue 4 (block 602),1.3711758,103.8869109,5,2,3,170814,8
2,hougang avenue 4 (block 605),1.3709238,103.8864427,5,2,3,170814,8
2,elias road (block 612),1.3746776,103.9420211,6,2,2,170814,8
1,sembawang crescent (skypark residences),1.4438004,103.8198788,7,1,2,170814,8
1,sembawang drive (block 314),1.443817,103.8211843,7,1,2,170814,8
4,berwick drive,1.3637502,103.8608487,1,4,20,170821,8
1,bloxhome drive,1.3622839,103.8627547,1,4,20,170821,8
1,bodmin drive,1.3619272,103.8623522,1,4,20,170821,8
1,borthwick drive,1.3614257,103.8620315,1,4,20,170821,8
2,serangoon garden close,1.363684,103.860115,1,4,20,170821,8
4,serangoon garden drive,1.3644705,103.8604504,1,4,20,170821,8
4,serangoon garden place,1.3639624,103.8602086,1,4,20,170821,8
2,serangoon garden rise,1.3649753,103.8606604,1,4,20,170821,8
1,serangoon garden terrace,1.364118,103.866614,1,4,20,170821,8
1,hougang avenue 8 (block 501),1.3722463,103.8867728,2,4,10,170821,8
1,hougang avenue 8 (block 503),1.3736341,103.8875986,2,4,10,170821,8
1,hougang avenue 8 (block 506),1.3728322,103.8875854,2,4,10,170821,8
1,hougang avenue 8 (block 507),1.3725038,103.8873743,2,4,10,170821,8
1,hougang avenue 10 (block 509),1.372374,103.8881694,2,4,10,170821,8
2,hougang avenue 10 (block 511),1.3719567,103.8887509,2,4,10,170821,8
2,hougang avenue 10 (block 512),1.3714017,103.8888054,2,4,10,170821,8
1,hougang avenue 10 (block 514),1.3721518,103.8892256,2,4,10,170821,8
5,bayshore road (the bayshore),1.31245,103.938021,3,1,5,170821,8
2,hougang avenue 4 (block 602),1.3711758,103.8869109,4,1,4,170821,8
2,hougang avenue 4 (block 605),1.3709238,103.8864427,4,1,4,170821,8
1,ang mo kio avenue 10 (block 553),1.3724909,103.857264,5,2,2,170821,8
1,ang mo kio avenue 10 (block 556),1.3720459,103.8577221,5,2,2,170821,8
1,bedok north street 3 (block 525),1.334743,103.928896,6,1,2,170821,8
1,bedok north street 3 (block 530),1.3338021,103.9269348,6,1,2,170821,8
2,elias road (block 612),1.3746776,103.9420211,7,1,2,170821,8
2,joo chiat lane (legenda at joo chiat),1.313028,103.901707,8,2,2,170821,8
6,berwick drive,1.3637502,103.8608487,1,4,24,170829,8
1,bloxhome drive,1.3622839,103.8627547,1,4,24,170829,8
1,bodmin drive,1.3619272,103.8623522,1,4,24,170829,8
1,borthwick drive,1.3614257,103.8620315,1,4,24,170829,8
2,serangoon garden close,1.363684,103.860115,1,4,24,170829,8
4,serangoon garden drive,1.3644705,103.8604504,1,4,24,170829,8
4,serangoon garden place,1.3639624,103.8602086,1,4,24,170829,8
4,serangoon garden rise,1.3649753,103.8606604,1,4,24,170829,8
1,serangoon garden terrace,1.364118,103.866614,1,4,24,170829,8
1,hougang avenue 8 (block 501),1.3722463,103.8867728,2,3,14,170829,8
1,hougang avenue 8 (block 503),1.3736341,103.8875986,2,3,14,170829,8
1,hougang avenue 8 (block 506),1.3728322,103.8875854,2,3,14,170829,8
1,hougang avenue 8 (block 507),1.3725038,103.8873743,2,3,14,170829,8
3,hougang avenue 10 (block 509),1.372374,103.8881694,2,3,14,170829,8
4,hougang avenue 10 (block 511),1.3719567,103.8887509,2,3,14,170829,8
2,hougang avenue 10 (block 512),1.3714017,103.8888054,2,3,14,170829,8
1,hougang avenue 10 (block 514),1.3721518,103.8892256,2,3,14,170829,8
2,bayshore road (the bayshore),1.31245,103.938021,3,2,2,170829,8
9,berwick drive,1.3637502,103.8608487,1,5,29,170904,9
1,bloxhome drive,1.3622839,103.8627547,1,5,29,170904,9
1,bodmin drive,1.3619272,103.8623522,1,5,29,170904,9
1,borthwick drive,1.3614257,103.8620315,1,5,29,170904,9
2,serangoon garden close,1.363684,103.860115,1,5,29,170904,9
4,serangoon garden drive,1.3644705,103.8604504,1,5,29,170904,9
4,serangoon garden place,1.3639624,103.8602086,1,5,29,170904,9
6,serangoon garden rise,1.3649753,103.8606604,1,5,29,170904,9
1,serangoon garden terrace,1.364118,103.866614,1,5,29,170904,9
1,hougang avenue 8 (block 501),1.3722463,103.8867728,2,1,14,170904,9
1,hougang avenue 8 (block 503),1.3736341,103.8875986,2,1,14,170904,9
1,hougang avenue 8 (block 506),1.3728322,103.8875854,2,1,14,170904,9
1,hougang avenue 8 (block 507),1.3725038,103.8873743,2,1,14,170904,9
3,hougang avenue 10 (block 509),1.372374,103.8881694,2,1,14,170904,9
4,hougang avenue 10 (block 511),1.3719567,103.8887509,2,1,14,170904,9
2,hougang avenue 10 (block 512),1.3714017,103.8888054,2,1,14,170904,9
1,hougang avenue 10 (block 514),1.3721518,103.8892256,2,1,14,170904,9
4,bayshore road (the bayshore),1.31245,103.938021,3,2,4,170904,9
2,hillview avenue (glendale park),1.3631407,103.7653436,4,1,3,170904,9
1,hillview avenue (hillview heights),1.360759,103.765297,4,1,3,170904,9
1,koon seng road (alpha apartments),1.3121163,103.9055166,5,1,2,170904,9
1,rambai road,1.3110528,103.9053877,5,1,2,170904,9
1,pheng geck avenue (sant ritz),1.329597,103.869175,6,2,2,170904,9
1,pheng geck avenue (sennett residence),1.3315862,103.8698128,6,2,2,170904,9
1,woodlands street 31 (block 316),1.4314935,103.776033,7,1,2,170904,9
1,woodlands street 31 (block 319),1.4315825,103.7773225,7,1,2,170904,9
9,berwick drive,1.3637502,103.8608487,1,3,30,170911,9
1,bloxhome drive,1.3622839,103.8627547,1,3,30,170911,9
1,bodmin drive,1.3619272,103.8623522,1,3,30,170911,9
1,borthwick drive,1.3614257,103.8620315,1,3,30,170911,9
2,serangoon garden close,1.363684,103.860115,1,3,30,170911,9
5,serangoon garden drive,1.3644705,103.8604504,1,3,30,170911,9
4,serangoon garden place,1.3639624,103.8602086,1,3,30,170911,9
6,serangoon garden rise,1.3649753,103.8606604,1,3,30,170911,9
1,serangoon garden terrace,1.364118,103.866614,1,3,30,170911,9
2,hillview avenue (glendale park),1.3631407,103.7653436,2,1,3,170911,9
1,hillview avenue (hillview heights),1.360759,103.765297,2,1,3,170911,9
1,chai chee road (block 24),1.32485,103.922454,3,1,2,170911,9
1,chai chee road,1.3249197,103.9231347,3,1,2,170911,9
1,pheng geck avenue (sant ritz),1.329597,103.869175,4,2,2,170911,9
1,pheng geck avenue (sennett residence),1.3315862,103.8698128,4,2,2,170911,9
1,serangoon central (block 205),1.3529532,103.8734375,5,2,2,170911,9
1,serangoon central (block 210),1.3547255,103.8736378,5,2,2,170911,9
1,tanah merah kechil avenue,1.3296061,103.9460779,6,2,2,170911,9
1,upper changi road,1.3343875,103.950726,6,2,2,170911,9
1,woodlands avenue 6 (block 626),1.4336921,103.8004802,7,2,2,170911,9
1,woodlands close,1.4349994,103.8039137,7,2,2,170911,9
1,hougang avenue 1 (block 165),1.350451,103.8878665,1,1,2,170918,9
1,hougang avenue 1 (block 174a),1.3497348,103.8889379,1,1,2,170918,9
1,hougang avenue 5 (block 310),1.366347,103.895856,2,1,2,170918,9
1,hougang avenue 5 (block 321),1.367067,103.898193,2,1,2,170918,9
1,kang ching road (block 345),1.339796,103.721313,3,2,2,170918,9
1,kang ching road (block 346),1.340296,103.720809,3,2,2,170918,9
1,lorong chuan (chuan park),1.352407,103.864376,4,1,2,170918,9
1,serangoon avenue 3 (the scala),1.350811,103.865325,4,1,2,170918,9
1,rivervale drive (block 143),1.390083,103.905738,5,2,2,170918,9
1,rivervale drive (block 145),1.389743,103.906203,5,2,2,170918,9
1,hougang avenue 1,1.3539261,103.8883589,1,1,3,170925,9
1,hougang avenue 1 (block 165),1.350451,103.8878665,1,1,3,170925,9
1,hougang avenue 1 (block 174a),1.3497348,103.8889379,1,1,3,170925,9
1,hougang avenue 8 (block 506),1.3728322,103.8875854,2,3,3,170925,9
2,hougang avenue 8 (block 507),1.3725038,103.8873743,2,3,3,170925,9
1,pasir ris street 11 (block 110),1.368735,103.956282,3,2,3,170925,9
1,pasir ris street 12 (block 104),1.367906,103.958675,3,2,3,170925,9
1,pasir ris street 12 (block 106),1.368251,103.957444,3,2,3,170925,9
1,hougang avenue 5 (block 310),1.366347,103.895856,4,1,2,170925,9
1,hougang avenue 5 (block 321),1.367067,103.898193,4,1,2,170925,9
1,kang ching road (block 345),1.339796,103.721313,5,1,2,170925,9
1,kang ching road (block 346),1.340296,103.720809,5,1,2,170925,9
1,rivervale drive (block 143),1.390083,103.905738,6,1,2,170925,9
1,rivervale drive (block 145),1.389743,103.906203,6,1,2,170925,9
2,bedok reservoir road (block 716),1.337892,103.924918,1,2,3,171002,10
1,bedok reservoir road (block 719),1.336439,103.924689,1,2,3,171002,10
1,hougang avenue 1,1.3539261,103.8883589,2,1,3,171002,10
1,hougang avenue 1 (block 165),1.350451,103.8878665,2,1,3,171002,10
1,hougang avenue 1 (block 174a),1.3497348,103.8889379,2,1,3,171002,10
7,bedok reservoir road (block 716),1.337892,103.924918,1,7,10,171009,10
2,bedok reservoir road (block 717),1.337812,103.9254314,1,7,10,171009,10
1,bedok reservoir road (block 719),1.336439,103.924689,1,7,10,171009,10
1,blandford drive,1.3601805,103.8610041,2,3,4,171009,10
1,boundary close,1.356775,103.858558,2,3,4,171009,10
2,burghley drive,1.358366,103.862544,2,3,4,171009,10
1,kang ching road (block 345),1.339796,103.721313,3,1,3,171009,10
1,kang ching road (block 346),1.340296,103.720809,3,1,3,171009,10
1,kang ching road (block 352),1.3394,103.7201965,3,1,3,171009,10
3,pasir ris street 12 (block 103),1.3677335,103.9582933,4,1,3,171009,10
1,choa chu kang cresent (block 657),1.4004699,103.7497798,5,1,2,171009,10
1,choa chu kang cresent (block 659),1.4013549,103.749248,5,1,2,171009,10
1,choa chu kang street 51 (block 508),1.3885095,103.7416106,6,2,2,171009,10
1,choa chu kang street 51 (block 511),1.389397,103.740791,6,2,2,171009,10
1,french road (block 8),1.3072601,103.8607343,7,1,2,171009,10
1,french road (block 811),1.3077319,103.8611109,7,1,2,171009,10
9,bedok reservoir road (block 716),1.337892,103.924918,1,8,20,171016,10
6,bedok reservoir road (block 717),1.337812,103.9254314,1,8,20,171016,10
3,bedok reservoir road (block 718),1.3367323,103.9258839,1,8,20,171016,10
2,bedok reservoir road (block 719),1.336439,103.924689,1,8,20,171016,10
2,blandford drive,1.3601805,103.8610041,2,2,5,171016,10
1,boundary close,1.356775,103.858558,2,2,5,171016,10
2,burghley drive,1.358366,103.862544,2,2,5,171016,10
1,simei street 1 (block 130),1.3462858,103.954871,3,4,5,171016,10
3,simei street 1 (block 149),1.345956,103.955974,3,4,5,171016,10
1,simei street 2 (block 141),1.3457909,103.9550297,3,4,5,171016,10
1,ah hood road (the belleforte),1.3274081,103.8449909,4,2,2,171016,10
1,jalan dusun (gaia),1.3278746,103.8437273,4,2,2,171016,10
1,beach road (block 2),1.3039217,103.8650578,5,2,2,171016,10
1,beach road (block 5),1.30436,103.864627,5,2,2,171016,10
12,bedok reservoir road (block 716),1.337892,103.924918,1,12,30,171023,10
11,bedok reservoir road (block 717),1.337812,103.9254314,1,12,30,171023,10
3,bedok reservoir road (block 718),1.3367323,103.9258839,1,12,30,171023,10
4,bedok reservoir road (block 719),1.336439,103.924689,1,12,30,171023,10
1,beach road (block 2),1.3039217,103.8650578,2,2,3,171023,10
2,beach road (block 5),1.30436,103.864627,2,2,3,171023,10
2,bedok ria crescent (stratford court),1.32824,103.9516529,3,1,2,171023,10
2,bedok south avenue 1 (block 4),1.322552,103.933145,4,2,2,171023,10
2,old choa chu kang road,1.3717863,103.7053211,5,1,2,171023,10
2,yishun street 72 (block 745),1.429351,103.83332,6,2,2,171023,10
13,bedok reservoir road (block 716),1.337892,103.924918,1,8,34,171030,10
13,bedok reservoir road (block 717),1.337812,103.9254314,1,8,34,171030,10
4,bedok reservoir road (block 718),1.3367323,103.9258839,1,8,34,171030,10
4,bedok reservoir road (block 719),1.336439,103.924689,1,8,34,171030,10
1,beach road (block 2),1.3039217,103.8650578,2,1,3,171030,10
2,beach road (block 5),1.30436,103.864627,2,1,3,171030,10
1,french road (block 811),1.3077319,103.8611109,3,2,3,171030,10
1,jellicoe road (block 816),1.3070637,103.8611084,3,2,3,171030,10
1,king george's avenue (block 805),1.308186,103.860836,3,2,3,171030,10
2,bedok reservoir road (archipelago),1.3382714,103.9201351,4,2,2,171030,10
1,bedok reservoir road (block 123),1.3323731,103.9102772,5,1,2,171030,10
1,bedok reservoir road (block 609a),1.3317012,103.912145,5,1,2,171030,10
1,bedok reservoir road (waterfront gold),1.3383719,103.9286578,6,1,2,171030,10
1,bedok reservoir road (waterfront isle),1.3387495,103.9278666,6,1,2,171030,10
2,bedok ria crescent (stratford court),1.32824,103.9516529,7,1,2,171030,10
1,jurong east street 21 (block 225a),1.3420638,103.736468,8,2,2,171030,10
1,jurong east street 21 (block 232),1.3399079,103.740837,8,2,2,171030,10
1,pasir ris drive 4 (block 456),1.372061,103.9588244,9,2,2,171030,10
1,pasir ris drive 6 (block 450),1.3711584,103.958044,9,2,2,171030,10
1,sims drive,1.3180187,103.8783652,10,2,2,171030,10
1,sims place (block 53),1.317801,103.880004,10,2,2,171030,10
2,yishun street 72 (block 745),1.429351,103.83332,11,2,2,171030,10
15,bedok reservoir road (block 716),1.337892,103.924918,1,5,41,171106,11
17,bedok reservoir road (block 717),1.337812,103.9254314,1,5,41,171106,11
4,bedok reservoir road (block 718),1.3367323,103.9258839,1,5,41,171106,11
5,bedok reservoir road (block 719),1.336439,103.924689,1,5,41,171106,11
1,bedok reservoir road (block 723),1.3368473,103.9293084,2,1,5,171106,11
1,bedok reservoir road (block 724),1.3371599,103.928355,2,1,5,171106,11
1,bedok reservoir road (waterfront gold),1.3383719,103.9286578,2,1,5,171106,11
1,bedok reservoir road (waterfront isle),1.3387495,103.9278666,2,1,5,171106,11
1,bedok reservoir road (waterfront waves),1.3376819,103.9298661,2,1,5,171106,11
1,bukit batok east avenue 4 (block 256),1.3507944,103.7583794,3,1,3,171106,11
1,bukit batok east avenue 4 (block 267),1.3485864,103.7601899,3,1,3,171106,11
1,bukit batok east avenue 4 (block 268),1.3492587,103.7590823,3,1,3,171106,11
1,french road (block 811),1.3077319,103.8611109,4,1,3,171106,11
1,jellicoe road (block 816),1.3070637,103.8611084,4,1,3,171106,11
1,king george's avenue (block 805),1.308186,103.860836,4,1,3,171106,11
1,tampines street 82 (block 840),1.351084,103.935607,5,2,3,171106,11
1,tampines street 83 (block 831),1.350301,103.934489,5,2,3,171106,11
1,tampines street 83 (block 885a),1.3506351,103.9329211,5,2,3,171106,11
2,bedok reservoir road (archipelago),1.3382714,103.9201351,6,1,2,171106,11
2,lentor loop (bullion park),1.3913358,103.83648,7,1,2,171106,11
1,sims drive,1.3180187,103.8783652,8,1,2,171106,11
1,sims place (block 53),1.317801,103.880004,8,1,2,171106,11
15,bedok reservoir road (block 716),1.337892,103.924918,1,3,45,171114,11
21,bedok reservoir road (block 717),1.337812,103.9254314,1,3,45,171114,11
4,bedok reservoir road (block 718),1.3367323,103.9258839,1,3,45,171114,11
5,bedok reservoir road (block 719),1.336439,103.924689,1,3,45,171114,11
2,pasir ris street 51 (block 564),1.368408,103.950027,2,2,4,171114,11
2,pasir ris street 51 (block 565),1.368949,103.950237,2,2,4,171114,11
1,bedok reservoir crescent (block 747c),1.3368134,103.9215931,3,2,2,171114,11
1,bedok reservoir road (block 713),1.336675,103.922496,3,2,2,171114,11
2,tampines street 11 (tampines court),1.3462328,103.9495145,4,1,2,171114,11
2,ubi avenue 1,1.3264927,103.8990721,5,1,2,171114,11
1,woodlands drive 14 (block 514),1.4347896,103.7895217,6,1,2,171114,11
1,woodlands drive 14 (block 516),1.4347046,103.7909724,6,1,2,171114,11
2,bedok reservoir road (block 715),1.337443,103.923062,1,4,49,171120,11
16,bedok reservoir road (block 716),1.337892,103.924918,1,4,49,171120,11
21,bedok reservoir road (block 717),1.337812,103.9254314,1,4,49,171120,11
4,bedok reservoir road (block 718),1.3367323,103.9258839,1,4,49,171120,11
5,bedok reservoir road (block 719),1.336439,103.924689,1,4,49,171120,11
1,bedok reservoir road (block 721),1.3363962,103.9262579,1,4,49,171120,11
1,bedok reservoir crescent (block 747c),1.3368134,103.9215931,2,1,2,171120,11
1,bedok reservoir road (block 713),1.336675,103.922496,2,1,2,171120,11
2,chai chee street (block 50),1.329404,103.922215,3,2,2,171120,11
2,ubi avenue 1,1.3264927,103.8990721,4,1,2,171120,11
1,woodlands drive 14 (block 514),1.4347896,103.7895217,5,1,2,171120,11
1,woodlands drive 14 (block 516),1.4347046,103.7909724,5,1,2,171120,11
3,bedok reservoir road (block 715),1.337443,103.923062,1,2,52,171127,11
17,bedok reservoir road (block 716),1.337892,103.924918,1,2,52,171127,11
22,bedok reservoir road (block 717),1.337812,103.9254314,1,2,52,171127,11
4,bedok reservoir road (block 718),1.3367323,103.9258839,1,2,52,171127,11
5,bedok reservoir road (block 719),1.336439,103.924689,1,2,52,171127,11
1,bedok reservoir road (block 721),1.3363962,103.9262579,1,2,52,171127,11
2,beach road (block 4),1.304766,103.865086,2,1,2,171127,11
1,bedok reservoir road (block 724),1.3371599,103.928355,3,2,2,171127,11
1,bedok reservoir road (waterfront waves),1.3376819,103.9298661,3,2,2,171127,11
1,circuit road (block 68),1.325435,103.888052,4,2,2,171127,11
1,pipit road (block 54),1.3239209,103.8874699,4,2,2,171127,11
1,holland avenue (block 2),1.3092587,103.7958137,5,2,2,171127,11
1,jalan merah saga,1.3120656,103.7984352,5,2,2,171127,11
1,tampines street 43 (block 435),1.3597857,103.9510842,6,1,2,171127,11
1,tampines street 43 (block 438),1.3604189,103.9515101,6,1,2,171127,11
1,woodlands drive 14 (block 514),1.4347896,103.7895217,7,1,2,171127,11
1,woodlands drive 14 (block 516),1.4347046,103.7909724,7,1,2,171127,11
4,bedok reservoir road (block 715),1.337443,103.923062,1,1,53,171204,12
17,bedok reservoir road (block 716),1.337892,103.924918,1,1,53,171204,12
22,bedok reservoir road (block 717),1.337812,103.9254314,1,1,53,171204,12
4,bedok reservoir road (block 718),1.3367323,103.9258839,1,1,53,171204,12
5,bedok reservoir road (block 719),1.336439,103.924689,1,1,53,171204,12
1,bedok reservoir road (block 721),1.3363962,103.9262579,1,1,53,171204,12
4,chai chee street (block 50),1.329404,103.922215,2,1,4,171204,12
1,circuit road (block 68),1.325435,103.888052,3,1,2,171204,12
1,pipit road (block 54),1.3239209,103.8874699,3,1,2,171204,12
1,crawford lane (block 462),1.304635,103.861205,4,1,2,171204,12
1,north bridge road (block 12),1.304397,103.862711,4,1,2,171204,12
2,bedok reservoir road (block 713),1.336675,103.922496,1,1,58,171218,12
4,bedok reservoir road (block 715),1.337443,103.923062,1,1,58,171218,12
17,bedok reservoir road (block 716),1.337892,103.924918,1,1,58,171218,12
23,bedok reservoir road (block 717),1.337812,103.9254314,1,1,58,171218,12
6,bedok reservoir road (block 718),1.3367323,103.9258839,1,1,58,171218,12
5,bedok reservoir road (block 719),1.336439,103.924689,1,1,58,171218,12
1,bedok reservoir road (block 721),1.3363962,103.9262579,1,1,58,171218,12
1,bedok reservoir road (block 724),1.3371599,103.928355,2,2,4,171218,12
1,bedok reservoir road (waterfront gold),1.3383719,103.9286578,2,2,4,171218,12
2,bedok reservoir road (waterfront waves),1.3376819,103.9298661,2,2,4,171218,12
3,lorong 2 toa payoh (block 154),1.333424,103.846058,3,3,3,171218,12
2,tampines street 21 (block 267),1.350784,103.9491598,4,1,2,171218,12
1,bedok reservoir road (block 724),1.3371599,103.928355,1,1,4,171226,12
1,bedok reservoir road (waterfront gold),1.3383719,103.9286578,1,1,4,171226,12
2,bedok reservoir road (waterfront waves),1.3376819,103.9298661,1,1,4,171226,12
1,choa chu kang avenue 2 (block 249),1.379596,103.745559,2,3,4,171226,12
2,choa chu kang avenue 2 (block 276),1.379519,103.744385,2,3,4,171226,12
1,hong san terrace,1.3776954,103.7458344,2,3,4,171226,12
2,tampines street 43 (block 434),1.359253,103.951562,3,4,4,171226,12
1,tampines street 43 (block 436),1.3596274,103.9516074,3,4,4,171226,12
1,tampines street 43 (block 438),1.3604189,103.9515101,3,4,4,171226,12
1,upper serangoon view,1.3743325,103.9027438,4,3,4,171226,12
1,upper serangoon view (boathouse residences),1.3755666,103.9030969,4,3,4,171226,12
2,upper serangoon view (heron bay),1.3757318,103.9036876,4,3,4,171226,12
1,beach road (block 1),1.303492,103.8643589,5,1,3,171226,12
1,beach road (block 4),1.304766,103.865086,5,1,3,171226,12
1,north bridge road (block 12),1.304397,103.862711,5,1,3,171226,12
3,lorong 2 toa payoh (block 154),1.333424,103.846058,6,2,3,171226,12
1,anchorvale lane (block 311b),1.391837,103.88439,7,2,2,171226,12
1,anchorvale road (block 309d),1.3907626,103.8857982,7,2,2,171226,12
1,choa chu kang avenue 4 (block 418),1.3824069,103.7413617,8,2,2,171226,12
1,choa chu kang avenue 4 (block 429),1.382847,103.740168,8,2,2,171226,12
2,hougang avenue 2 (florence regency),1.366586,103.8870621,9,2,2,171226,12
1,lengkok tiga (block 108),1.324812,103.9100036,10,2,2,171226,12
1,lengkok tiga (block 109),1.3246615,103.9107286,10,2,2,171226,12
1,almond crescent,1.3730612,103.7729822,1,1,29,170103,1
4,petir road (block 204),1.373268,103.774919,1,1,29,170103,1
15,petir road (block 205),1.3734052,103.7738731,1,1,29,170103,1
5,petir road (block 206),1.373677,103.774066,1,1,29,170103,1
1,petir road (block 207),1.37369,103.774772,1,1,29,170103,1
1,petir road (block 210),1.374312,103.776159,1,1,29,170103,1
1,petir road (block 213),1.3743129,103.775414,1,1,29,170103,1
1,petir road (block 216),1.3746185,103.774726,1,1,29,170103,1
1,hougang avenue 6 (block 422),1.3745006,103.8939571,2,2,12,170103,1
1,hougang avenue 6 (block 425),1.3734405,103.8939077,2,2,12,170103,1
1,hougang avenue 6 (block 427),1.374528,103.893045,2,2,12,170103,1
1,hougang avenue 6 (block 429),1.3754485,103.893814,2,2,12,170103,1
6,hougang avenue 6 (block 430),1.3754714,103.8933636,2,2,12,170103,1
2,hougang avenue 6 (block 432),1.3763206,103.8930682,2,2,12,170103,1
1,ang mo kio avenue 10 (block 471),1.363466,103.857038,3,2,4,170103,1
1,ang mo kio avenue 10 (block 472),1.3631851,103.858097,3,2,4,170103,1
1,ang mo kio avenue 10 (block 475),1.362678,103.8563269,3,2,4,170103,1
1,ang mo kio avenue 10 (block 476),1.3623793,103.8576022,3,2,4,170103,1
1,jurong east street 24 (block 251),1.343109,103.7398025,4,3,3,170103,1
1,jurong east street 24 (block 257),1.344532,103.738922,4,3,3,170103,1
1,jurong east street 24 (block 258),1.3438124,103.7389289,4,3,3,170103,1
1,kent road (block 51),1.316681,103.851072,5,3,3,170103,1
1,owen road (block 46),1.315078,103.850636,5,3,3,170103,1
1,rangoon road,1.314958,103.853737,5,3,3,170103,1
2,tampines street 11 (block 101),1.3472986,103.9452932,6,1,3,170103,1
1,tampines street 11 (block 102),1.346834,103.945761,6,1,3,170103,1
2,beach road (block 2),1.3039217,103.8650578,7,2,2,170103,1
1,bukit panjang ring road (block 541),1.3825274,103.7633045,8,1,2,170103,1
1,senja road (block 603),1.3815684,103.7621616,8,1,2,170103,1
1,hougang avenue 8 (block 435),1.377519,103.893613,9,1,2,170103,1
1,hougang avenue 8 (block 440),1.379157,103.893518,9,1,2,170103,1
1,serangoon central drive (block 253),1.353708,103.870912,10,2,2,170103,1
1,serangoon central drive (block 257),1.355122,103.871894,10,2,2,170103,1
1,almond crescent,1.3730612,103.7729822,1,1,29,170109,1
4,petir road (block 204),1.373268,103.774919,1,1,29,170109,1
15,petir road (block 205),1.3734052,103.7738731,1,1,29,170109,1
5,petir road (block 206),1.373677,103.774066,1,1,29,170109,1
1,petir road (block 207),1.37369,103.774772,1,1,29,170109,1
1,petir road (block 210),1.374312,103.776159,1,1,29,170109,1
1,petir road (block 213),1.3743129,103.775414,1,1,29,170109,1
1,petir road (block 216),1.3746185,103.774726,1,1,29,170109,1
2,tampines street 11 (block 101),1.3472986,103.9452932,2,5,8,170109,1
1,tampines street 11 (block 102),1.346834,103.945761,2,5,8,170109,1
2,tampines street 11 (block 103),1.3476305,103.9461075,2,5,8,170109,1
2,tampines street 11 (block 104),1.347294,103.946427,2,5,8,170109,1
1,tampines street 11 (block 113),1.346586,103.946355,2,5,8,170109,1
1,ang mo kio avenue 10 (block 471),1.363466,103.857038,3,2,6,170109,1
1,ang mo kio avenue 10 (block 472),1.3631851,103.858097,3,2,6,170109,1
1,ang mo kio avenue 10 (block 473),1.3630739,103.857041,3,2,6,170109,1
2,ang mo kio avenue 10 (block 475),1.362678,103.8563269,3,2,6,170109,1
1,ang mo kio avenue 10 (block 476),1.3623793,103.8576022,3,2,6,170109,1
4,irrawaddy road,1.3228682,103.8455476,4,4,4,170109,1
4,lorong 8 geylang,1.3108955,103.8771507,5,1,4,170109,1
1,jurong east street 24 (block 251),1.343109,103.7398025,6,1,3,170109,1
1,jurong east street 24 (block 257),1.344532,103.738922,6,1,3,170109,1
1,jurong east street 24 (block 258),1.3438124,103.7389289,6,1,3,170109,1
2,beach road (block 2),1.3039217,103.8650578,7,1,2,170109,1
1,bukit panjang ring road (block 541),1.3825274,103.7633045,8,1,2,170109,1
1,senja road (block 603),1.3815684,103.7621616,8,1,2,170109,1
1,compassvale walk (block 224d),1.38875,103.89858,9,2,2,170109,1
1,compassvale walk (block 226c),1.3877391,103.8996621,9,2,2,170109,1
1,meragi close,1.343136,103.9599069,10,1,2,170109,1
1,meragi road,1.3438281,103.9605491,10,1,2,170109,1
1,teck whye lane (block 11),1.3798379,103.754826,11,1,2,170109,1
1,teck whye lane (block 14),1.378521,103.755507,11,1,2,170109,1
4,tampines street 11 (block 101),1.3472986,103.9452932,1,2,10,170116,1
1,tampines street 11 (block 102),1.346834,103.945761,1,2,10,170116,1
2,tampines street 11 (block 103),1.3476305,103.9461075,1,2,10,170116,1
2,tampines street 11 (block 104),1.347294,103.946427,1,2,10,170116,1
1,tampines street 11 (block 113),1.346586,103.946355,1,2,10,170116,1
1,ang mo kio avenue 10 (block 412),1.3638955,103.8552628,2,3,9,170116,1
1,ang mo kio avenue 10 (block 471),1.363466,103.857038,2,3,9,170116,1
1,ang mo kio avenue 10 (block 472),1.3631851,103.858097,2,3,9,170116,1
1,ang mo kio avenue 10 (block 473),1.3630739,103.857041,2,3,9,170116,1
2,ang mo kio avenue 10 (block 474),1.362884,103.8575989,2,3,9,170116,1
2,ang mo kio avenue 10 (block 475),1.362678,103.8563269,2,3,9,170116,1
1,ang mo kio avenue 10 (block 476),1.3623793,103.8576022,2,3,9,170116,1
9,irrawaddy road,1.3228682,103.8455476,3,4,9,170116,1
1,tampines avenue 4,1.3516199,103.9412328,4,4,5,170116,1
1,tampines street 82 (block 856),1.353393,103.936561,4,4,5,170116,1
1,tampines street 82 (block 856b),1.353138,103.9379173,4,4,5,170116,1
1,tampines street 82 (block 856f),1.352973,103.938309,4,4,5,170116,1
1,tampines street 83 (block 864a),1.3546609,103.935647,4,4,5,170116,1
1,cantonment road (block 1f),1.275795,103.841216,5,2,4,170116,1
1,tanjong pagar plaza (block 5),1.2763942,103.8424529,5,2,4,170116,1
2,yan kit road (the arris),1.275344,103.841657,5,2,4,170116,1
1,hougang avenue 6 (block 527),1.3749337,103.8905679,6,3,3,170116,1
2,hougang avenue 6 (block 528),1.375183,103.890502,6,3,3,170116,1
3,serangoon avenue 4 (block 212),1.356775,103.872967,7,3,3,170116,1
1,blair road,1.2764087,103.8364453,8,1,2,170116,1
1,spottiswoode park road,1.2751802,103.837186,8,1,2,170116,1
1,hougang avenue 2 (block 704),1.365244,103.889101,9,2,2,170116,1
1,hougang avenue 2 (block 711),1.3663052,103.8876132,9,2,2,170116,1
1,hougang avenue 8 (block 467),1.373362,103.8968019,10,1,2,170116,1
1,hougang avenue 10 (block 403),1.374663,103.896376,10,1,2,170116,1
1,jurong east street 21 (block 238),1.340628,103.7404619,11,2,2,170116,1
1,jurong east street 24 (block 245),1.341753,103.742049,11,2,2,170116,1
1,upper serangoon cresent (block 473d),1.3765623,103.9004999,12,2,2,170116,1
1,upper serangoon cresent (block 475a),1.3761926,103.900046,12,2,2,170116,1
4,tampines street 11 (block 101),1.3472986,103.9452932,1,2,13,170123,1
2,tampines street 11 (block 102),1.346834,103.945761,1,2,13,170123,1
2,tampines street 11 (block 103),1.3476305,103.9461075,1,2,13,170123,1
4,tampines street 11 (block 104),1.347294,103.946427,1,2,13,170123,1
1,tampines street 11 (block 113),1.346586,103.946355,1,2,13,170123,1
1,ang mo kio avenue 10 (block 412),1.3638955,103.8552628,2,2,12,170123,1
1,ang mo kio avenue 10 (block 471),1.363466,103.857038,2,2,12,170123,1
1,ang mo kio avenue 10 (block 472),1.3631851,103.858097,2,2,12,170123,1
1,ang mo kio avenue 10 (block 473),1.3630739,103.857041,2,2,12,170123,1
2,ang mo kio avenue 10 (block 474),1.362884,103.8575989,2,2,12,170123,1
2,ang mo kio avenue 10 (block 475),1.362678,103.8563269,2,2,12,170123,1
3,ang mo kio avenue 10 (block 476),1.3623793,103.8576022,2,2,12,170123,1
1,ang mo kio industrial park 1,1.359672,103.856341,2,2,12,170123,1
10,irrawaddy road,1.3228682,103.8455476,3,2,10,170123,1
1,cantonment road (block 1f),1.275795,103.841216,4,1,4,170123,1
1,tanjong pagar plaza (block 5),1.2763942,103.8424529,4,1,4,170123,1
2,yan kit road (the arris),1.275344,103.841657,4,1,4,170123,1
1,highland road,1.3578622,103.8788124,5,3,4,170123,1
2,highland walk,1.359539,103.87931,5,3,4,170123,1
1,kovan road,1.3586534,103.8813679,5,3,4,170123,1
1,hougang avenue 6 (block 527),1.3749337,103.8905679,6,1,3,170123,1
2,hougang avenue 6 (block 528),1.375183,103.890502,6,1,3,170123,1
3,serangoon avenue 4 (block 212),1.356775,103.872967,7,3,3,170123,1
1,ang mo kio avenue 1 (block 319),1.3660941,103.8372456,8,2,2,170123,1
1,ang mo kio avenue 3 (block 328),1.3666511,103.8478806,8,2,2,170123,1
1,bukit batok street 31 (block 306),1.358251,103.747541,9,1,2,170123,1
1,bukit batok street 32 (block 315),1.360207,103.7465625,9,1,2,170123,1
1,hougang avenue 2 (block 704),1.365244,103.889101,10,1,2,170123,1
1,hougang avenue 2 (block 711),1.3663052,103.8876132,10,1,2,170123,1
1,hougang avenue 8 (block 467),1.373362,103.8968019,11,1,2,170123,1
1,hougang avenue 10 (block 403),1.374663,103.896376,11,1,2,170123,1
2,mount emily road (parc emily),1.3045199,103.8489506,12,1,2,170123,1
2,old choa chu kang road,1.3717863,103.7053211,13,1,2,170123,1
1,tampines street 32 (block 327),1.3525815,103.9584765,14,1,2,170123,1
1,tampines street 32 (block 381),1.3542155,103.959041,14,1,2,170123,1
1,tampines street 81 (block 814),1.347288,103.9365793,15,1,2,170123,1
1,tampines street 81 (block 819),1.3483431,103.9368509,15,1,2,170123,1
4,tampines street 11 (block 101),1.3472986,103.9452932,1,1,15,170131,1
3,tampines street 11 (block 102),1.346834,103.945761,1,1,15,170131,1
2,tampines street 11 (block 103),1.3476305,103.9461075,1,1,15,170131,1
4,tampines street 11 (block 104),1.347294,103.946427,1,1,15,170131,1
1,tampines street 11 (block 113),1.346586,103.946355,1,1,15,170131,1
1,tampines street 11 (block 138),1.345799,103.945616,1,1,15,170131,1
11,irrawaddy road,1.3228682,103.8455476,2,1,11,170131,1
1,tampines avenue 5 (block 146),1.3481569,103.9424949,3,3,5,170131,1
2,tampines street 12 (block 140),1.3475034,103.943485,3,3,5,170131,1
1,tampines street 12 (block 141),1.348385,103.94473,3,3,5,170131,1
1,tampines street 12 (block 143),1.348109,103.943659,3,3,5,170131,1
1,hougang avenue 8 (block 467),1.373362,103.8968019,4,1,4,170131,1
2,hougang avenue 10 (block 403),1.374663,103.896376,4,1,4,170131,1
1,hougang avenue 10 (block 408),1.3733172,103.895332,4,1,4,170131,1
1,tampines street 82 (block 842d),1.350657,103.937465,5,3,4,170131,1
1,tampines street 82 (block 842e),1.3517539,103.938303,5,3,4,170131,1
2,tampines street 82 (block 856f),1.352973,103.938309,5,3,4,170131,1
2,almond avenue,1.3723776,103.7728789,6,1,3,170131,1
1,almond crescent,1.3730612,103.7729822,6,1,3,170131,1
1,tampines street 32 (block 327),1.3525815,103.9584765,7,1,3,170131,1
1,tampines street 32 (block 381),1.3542155,103.959041,7,1,3,170131,1
1,tampines street 32 (block 384),1.3542811,103.9576394,7,1,3,170131,1
1,ang mo kio street 52 (block 588a),1.3720758,103.8526491,8,2,2,170131,1
1,ang mo kio street 52 (block 588b),1.3720001,103.8529979,8,2,2,170131,1
1,bukit batok street 31 (block 306),1.358251,103.747541,9,1,2,170131,1
1,bukit batok street 32 (block 315),1.360207,103.7465625,9,1,2,170131,1
2,shaw road,1.3359116,103.8841805,10,1,2,170131,1
1,toa payoh north (block 205),1.3422911,103.8471065,11,1,2,170131,1
1,toa payoh north (block 207),1.342398,103.845517,11,1,2,170131,1
1,woodlands drive 16 (block 575),1.4311846,103.7972632,12,1,2,170131,1
1,woodlands drive 16 (la casa),1.4323614,103.7978412,12,1,2,170131,1
4,tampines street 11 (block 101),1.3472986,103.9452932,1,1,17,170206,2
4,tampines street 11 (block 102),1.346834,103.945761,1,1,17,170206,2
2,tampines street 11 (block 103),1.3476305,103.9461075,1,1,17,170206,2
4,tampines street 11 (block 104),1.347294,103.946427,1,1,17,170206,2
1,tampines street 11 (block 113),1.346586,103.946355,1,1,17,170206,2
1,tampines street 11 (block 138),1.345799,103.945616,1,1,17,170206,2
1,tampines street 11 (tampines court),1.3462328,103.9495145,1,1,17,170206,2
1,tampines avenue 4,1.3516199,103.9412328,2,2,6,170206,2
1,tampines street 82 (block 842b),1.351145,103.936991,2,2,6,170206,2
1,tampines street 82 (block 842d),1.350657,103.937465,2,2,6,170206,2
1,tampines street 82 (block 842e),1.3517539,103.938303,2,2,6,170206,2
2,tampines street 82 (block 856f),1.352973,103.938309,2,2,6,170206,2
1,hougang avenue 8 (block 467),1.373362,103.8968019,3,1,4,170206,2
2,hougang avenue 10 (block 403),1.374663,103.896376,3,1,4,170206,2
1,hougang avenue 10 (block 408),1.3733172,103.895332,3,1,4,170206,2
4,beach road,1.2999644,103.859733,4,3,4,170206,2
1,bukit batok east avenue 3 (block 222),1.347915,103.753912,5,2,2,170206,2
1,bukit batok east avenue 5 (block 233),1.3487369,103.755312,5,2,2,170206,2
2,old choa chu kang road,1.3717863,103.7053211,6,2,2,170206,2
1,toa payoh north (block 205),1.3422911,103.8471065,7,1,2,170206,2
1,toa payoh north (block 207),1.342398,103.845517,7,1,2,170206,2
2,woodlands industrial park e1,1.4541866,103.7974937,8,1,2,170206,2
4,tampines street 11 (block 101),1.3472986,103.9452932,1,2,19,170213,2
4,tampines street 11 (block 102),1.346834,103.945761,1,2,19,170213,2
2,tampines street 11 (block 103),1.3476305,103.9461075,1,2,19,170213,2
5,tampines street 11 (block 104),1.347294,103.946427,1,2,19,170213,2
1,tampines street 11 (block 113),1.346586,103.946355,1,2,19,170213,2
1,tampines street 11 (block 138),1.345799,103.945616,1,2,19,170213,2
1,tampines street 11 (block 139),1.346408,103.9444735,1,2,19,170213,2
1,tampines street 11 (tampines court),1.3462328,103.9495145,1,2,19,170213,2
7,beach road,1.2999644,103.859733,2,2,7,170213,2
1,bukit batok east avenue 3 (block 222),1.347915,103.753912,3,1,3,170213,2
1,bukit batok east avenue 5 (block 233),1.3487369,103.755312,3,1,3,170213,2
1,bukit batok street 21 (block 218),1.3471644,103.754355,3,1,3,170213,2
3,sungei kadut street 1,1.4180001,103.7510043,4,3,3,170213,2
1,bedok reservoir road (block 121),1.33125,103.909938,5,1,2,170213,2
1,bedok reservoir road (block 133),1.332419,103.911764,5,1,2,170213,2
1,dakota crescent (block 60),1.30745,103.8889584,6,1,2,170213,2
1,old airport road (block 99),1.308567,103.887961,6,1,2,170213,2
1,gilstead road (gilstead 38),1.318152,103.839141,7,1,2,170213,2
1,gilstead road (gilstead court),1.318312,103.839672,7,1,2,170213,2
1,jurong west street 81 (block 817),1.3450189,103.6954006,8,1,2,170213,2
1,jurong west street 81 (block 831),1.3449032,103.694627,8,1,2,170213,2
2,old choa chu kang road,1.3717863,103.7053211,9,1,2,170213,2
1,redhill lane (block 82),1.2874073,103.8195071,10,1,2,170213,2
1,redhill lane (block 85),1.2873313,103.8183546,10,1,2,170213,2
1,tampines street 23 (block 212),1.3544733,103.9539937,11,2,2,170213,2
1,tampines street 23 (block 225),1.3550861,103.9539004,11,2,2,170213,2
1,tampines street 41 (block 421),1.35754,103.947546,12,1,2,170213,2
1,tampines street 41 (block 424),1.357438,103.948133,12,1,2,170213,2
1,tampines street 45 (block 498h),1.362981,103.957455,13,2,2,170213,2
1,tampines street 45 (block 498j),1.363309,103.956916,13,2,2,170213,2
4,tampines street 11 (block 101),1.3472986,103.9452932,1,1,21,170220,2
4,tampines street 11 (block 102),1.346834,103.945761,1,1,21,170220,2
2,tampines street 11 (block 103),1.3476305,103.9461075,1,1,21,170220,2
5,tampines street 11 (block 104),1.347294,103.946427,1,1,21,170220,2
2,tampines street 11 (block 107),1.348365,103.948013,1,1,21,170220,2
1,tampines street 11 (block 113),1.346586,103.946355,1,1,21,170220,2
1,tampines street 11 (block 138),1.345799,103.945616,1,1,21,170220,2
1,tampines street 11 (block 139),1.346408,103.9444735,1,1,21,170220,2
1,tampines street 11 (tampines court),1.3462328,103.9495145,1,1,21,170220,2
2,jalan kemaman,1.3275768,103.8513198,2,1,3,170220,2
1,jalan kemaman (kemaman point),1.3265405,103.8508373,2,1,3,170220,2
1,tampines street 41 (block 421),1.35754,103.947546,3,1,3,170220,2
1,tampines street 41 (block 423),1.357129,103.947519,3,1,3,170220,2
1,tampines street 41 (block 424),1.357438,103.948133,3,1,3,170220,2
1,bedok reservoir road (block 121),1.33125,103.909938,4,1,2,170220,2
1,bedok reservoir road (block 133),1.332419,103.911764,4,1,2,170220,2
1,choa chu kang street 62 (block 607),1.399025,103.744255,5,1,2,170220,2
1,choa chu kang street 62 (block 615),1.400859,103.744837,5,1,2,170220,2
1,dakota crescent (block 60),1.30745,103.8889584,6,1,2,170220,2
1,old airport road (block 99),1.308567,103.887961,6,1,2,170220,2
1,jalan taman,1.3260605,103.8647912,7,2,2,170220,2
1,saint michael's road (sunville),1.3263869,103.8635173,7,2,2,170220,2
2,old choa chu kang road,1.3717863,103.7053211,8,2,2,170220,2
1,yishun ring road (block 110),1.4335431,103.8291301,9,1,2,170220,2
1,yishun ring road (block 112),1.434258,103.828858,9,1,2,170220,2
2,jalan kemaman,1.3275768,103.8513198,1,1,4,170227,2
2,jalan kemaman (kemaman point),1.3265405,103.8508373,1,1,4,170227,2
2,tampines street 41 (block 421),1.35754,103.947546,2,1,4,170227,2
1,tampines street 41 (block 423),1.357129,103.947519,2,1,4,170227,2
1,tampines street 41 (block 424),1.357438,103.948133,2,1,4,170227,2
1,beach road (block 4),1.304766,103.865086,3,1,3,170227,2
1,north bridge road (block 8),1.304865,103.8636609,3,1,3,170227,2
1,north bridge road (block 467),1.305223,103.862775,3,1,3,170227,2
1,bedok reservoir road (block 121),1.33125,103.909938,4,1,3,170227,2
2,bedok reservoir road (block 133),1.332419,103.911764,4,1,3,170227,2
3,lorong lew lian (block 6),1.349461,103.877283,5,3,3,170227,2
1,geylang bahru (block 54),1.3240479,103.8679726,6,2,2,170227,2
1,geylang bahru (block 57),1.3231293,103.8686562,6,2,2,170227,2
1,jalan tiga ratus,1.3416834,103.9598895,7,2,2,170227,2
1,meragi terrace,1.3427917,103.9593535,7,2,2,170227,2
1,miltonia close,1.4178765,103.8474543,8,1,2,170227,2
1,miltonia close (skies miltonia),1.4180531,103.8481094,8,1,2,170227,2
1,tampines street 32 (block 337),1.352539,103.959782,9,1,2,170227,2
1,tampines street 33 (block 338),1.351858,103.959553,9,1,2,170227,2
3,boon teck road,1.327801,103.8508181,1,3,7,170307,3
2,jalan kemaman,1.3275768,103.8513198,1,3,7,170307,3
2,jalan kemaman (kemaman point),1.3265405,103.8508373,1,3,7,170307,3
1,tampines street 41 (block 418),1.358232,103.947458,2,1,5,170307,3
2,tampines street 41 (block 421),1.35754,103.947546,2,1,5,170307,3
1,tampines street 41 (block 423),1.357129,103.947519,2,1,5,170307,3
1,tampines street 41 (block 424),1.357438,103.948133,2,1,5,170307,3
2,tampines street 11 (block 107),1.348365,103.948013,3,4,4,170307,3
2,tampines street 11 (block 111),1.346944,103.947435,3,4,4,170307,3
1,geylang bahru (block 54),1.3240479,103.8679726,4,2,3,170307,3
1,geylang bahru (block 57),1.3231293,103.8686562,4,2,3,170307,3
1,geylang bahru (block 61),1.322958,103.869896,4,2,3,170307,3
3,boon teck road,1.327801,103.8508181,1,3,7,170313,3
2,jalan kemaman,1.3275768,103.8513198,1,3,7,170313,3
2,jalan kemaman (kemaman point),1.3265405,103.8508373,1,3,7,170313,3
1,tampines street 41 (block 418),1.358232,103.947458,2,1,5,170313,3
2,tampines street 41 (block 421),1.35754,103.947546,2,1,5,170313,3
1,tampines street 41 (block 423),1.357129,103.947519,2,1,5,170313,3
1,tampines street 41 (block 424),1.357438,103.948133,2,1,5,170313,3
1,geylang bahru (block 54),1.3240479,103.8679726,3,2,3,170313,3
1,geylang bahru (block 57),1.3231293,103.8686562,3,2,3,170313,3
1,geylang bahru (block 61),1.322958,103.869896,3,2,3,170313,3
2,yishun industrial park a,1.4424822,103.834752,4,2,2,170313,3
